,total_lengths
0,65.0
1,69.0
2,71.0
3,73.0
4,73.0
5,81.0
6,84.0
7,86.0
8,89.0
9,89.0
10,90.0
11,93.0
12,95.0
13,96.0
14,97.0
15,97.0
16,98.0
17,99.0
18,100.0
19,101.0
20,102.0
21,102.0
22,104.0
23,105.0
24,105.0
25,106.0
26,107.0
27,110.0
28,115.0
29,127.0
30,127.0
31,131.0
32,70.0
33,76.0
34,76.0
35,60.0
36,81.0
37,97.0
38,72.0
39,74.0
40,72.0
41,75.0
42,74.0
43,85.0
44,111.0
45,96.0
46,89.0
47,83.0
48,86.0
49,100.0
50,93.0
51,114.0
52,96.0
53,124.0
54,112.0
55,110.0
56,67.0
57,104.0
58,84.0
59,123.0
60,114.0
61,130.0
62,108.0
63,56.0
64,101.0
65,82.0
66,91.0
67,82.0
68,61.0
69,69.0
70,127.0
71,67.0
72,73.0
73,68.0
74,70.0
75,123.0
76,96.0
77,78.0
78,71.0
79,61.0
80,122.0
81,112.0
82,85.0
83,134.0
84,80.0
85,112.0
86,100.0
87,85.0
88,97.0
89,129.0
90,137.0
91,110.0
92,131.0
93,94.0
94,66.0
95,83.0
96,69.0
97,79.0
98,99.0
99,72.0
100,89.0
101,122.0
102,110.0
103,77.0
104,120.0
105,61.0
106,137.0
107,68.0
108,58.0
109,74.0
110,91.0
111,87.0
112,89.0
113,83.0
114,79.0
115,99.0
116,82.0
117,98.0
118,58.0
119,85.0
120,64.0
121,68.0
122,94.0
123,113.0
124,87.0
125,86.0
126,72.0
127,114.0
128,88.0
129,108.0
130,122.0
131,75.0
132,94.0
133,59.0
134,104.0
135,97.0
136,126.0
137,135.0
138,105.0
139,81.0
140,75.0
141,78.0
142,116.0
143,90.0
144,77.0
145,77.0
146,91.0
147,140.0
148,110.0
149,107.0
150,86.0
151,105.0
152,148.0
153,122.0
154,93.0
155,61.0
156,114.0
157,121.0
158,118.0
159,63.0
160,82.0
161,116.0
162,117.0
163,102.0
164,124.0
165,88.0
166,108.0
167,97.0
168,76.0
169,116.0
170,107.0
171,76.0
172,118.0
173,78.0
174,99.0
175,125.0
176,67.0
177,63.0
178,68.0
179,112.0
180,68.0
181,144.0
182,72.0
183,69.0
184,120.0
185,110.0
186,105.0
187,76.0
188,104.0
189,78.0
190,68.0
191,75.0
192,124.0
193,117.0
194,124.0
195,100.0
196,68.0
197,78.0
198,89.0
199,101.0
200,85.0
201,134.0
202,98.0
203,107.0
204,97.0
205,119.0
206,61.0
207,78.0
208,97.0
209,113.0
210,90.0
211,104.0
212,84.0
213,102.0
214,106.0
215,69.0
216,84.0
217,120.0
218,120.0
219,169.0
220,108.0
221,124.0
222,101.0
223,101.0
224,110.0
225,74.0
226,92.0
227,69.0
228,125.0
229,115.0
230,69.0
231,136.0
232,81.0
233,98.0
234,116.0
235,109.0
236,95.0
237,128.0
238,97.0
239,67.0
240,67.0
241,62.0
242,69.0
243,119.0
244,79.0
245,78.0
246,118.0
247,109.0
248,87.0
249,68.0
250,123.0
251,75.0
252,85.0
253,98.0
254,102.0
255,116.0
256,99.0
257,83.0
258,106.0
259,100.0
260,70.0
261,109.0
262,90.0
263,91.0
264,75.0
265,97.0
266,82.0
267,122.0
268,111.0
269,96.0
270,82.0
271,112.0
272,96.0
273,91.0
274,123.0
275,87.0
276,70.0
277,119.0
278,71.0
279,72.0
280,79.0
281,91.0
282,119.0
283,110.0
284,122.0
285,87.0
286,142.0
287,76.0
288,92.0
289,118.0
290,137.0
291,91.0
292,94.0
293,118.0
294,102.0
295,75.0
296,130.0
297,127.0
298,99.0
299,75.0
300,144.0
301,101.0
302,90.0
303,128.0
304,109.0
305,88.0
306,83.0
307,137.0
308,87.0
309,88.0
310,102.0
311,84.0
312,72.0
313,77.0
314,117.0
315,70.0
316,76.0
317,83.0
318,149.0
319,101.0
320,66.0
321,107.0
322,64.0
323,108.0
324,93.0
325,87.0
326,80.0
327,100.0
328,117.0
329,117.0
330,78.0
331,97.0
332,110.0
333,124.0
334,101.0
335,93.0
336,124.0
337,90.0
338,76.0
339,72.0
340,68.0
341,66.0
342,97.0
343,109.0
344,82.0
345,96.0
346,153.0
347,96.0
348,118.0
349,116.0
350,95.0
351,64.0
352,106.0
353,118.0
354,124.0
355,115.0
356,112.0
357,103.0
358,135.0
359,91.0
360,116.0
361,93.0
362,107.0
363,112.0
364,100.0
365,88.0
366,122.0
367,77.0
368,103.0
369,83.0
370,93.0
371,125.0
372,103.0
373,102.0
374,86.0
375,102.0
376,93.0
377,67.0
378,79.0
379,72.0
380,72.0
381,72.0
382,97.0
383,127.0
384,87.0
385,116.0
386,87.0
387,75.0
388,131.0
389,95.0
390,79.0
391,136.0
392,106.0
393,148.0
394,90.0
395,121.0
396,66.0
397,93.0
398,68.0
399,85.0
400,88.0
401,74.0
402,80.0
403,125.0
404,96.0
405,84.0
406,83.0
407,150.0
408,120.0
409,79.0
410,77.0
411,97.0
412,89.0
413,98.0
414,92.0
415,72.0
416,116.0
417,123.0
418,96.0
419,135.0
420,93.0
421,77.0
422,75.0
423,88.0
424,152.0
425,104.0
426,117.0
427,108.0
428,100.0
429,86.0
430,141.0
431,108.0
432,126.0
433,104.0
434,123.0
435,122.0
436,109.0
437,151.0
438,88.0
439,60.0
440,106.0
441,84.0
442,127.0
443,81.0
444,72.0
445,76.0
446,68.0
447,84.0
448,132.0
449,64.0
450,77.0
451,77.0
452,142.0
453,71.0
454,118.0
455,125.0
456,106.0
457,115.0
458,77.0
459,83.0
460,91.0
461,74.0
462,72.0
463,69.0
464,108.0
465,67.0
466,103.0
467,1000.0
468,66.0
469,113.0
470,66.0
471,77.0
472,142.0
473,63.0
474,84.0
475,83.0
476,153.0
477,122.0
478,109.0
479,133.0
480,72.0
481,134.0
482,106.0
483,133.0
484,102.0
485,101.0
486,92.0
487,104.0
488,120.0
489,83.0
490,87.0
491,71.0
492,141.0
493,82.0
494,85.0
495,118.0
496,123.0
497,81.0
498,83.0
499,114.0
500,100.0
501,76.0
502,129.0
503,73.0
504,70.0
505,108.0
506,118.0
507,122.0
508,114.0
509,87.0
510,123.0
511,103.0
512,70.0
513,144.0
514,94.0
515,112.0
516,99.0
517,77.0
518,137.0
519,84.0
520,121.0
521,70.0
522,76.0
523,100.0
524,92.0
525,104.0
526,96.0
527,71.0
528,97.0
529,129.0
530,76.0
531,152.0
532,111.0
533,93.0
534,98.0
535,128.0
536,82.0
537,84.0
538,123.0
539,76.0
540,99.0
541,102.0
542,99.0
543,81.0
544,164.0
545,91.0
546,74.0
547,69.0
548,114.0
549,113.0
550,135.0
551,79.0
552,84.0
553,73.0
554,103.0
555,111.0
556,106.0
557,82.0
558,99.0
559,68.0
560,101.0
561,87.0
562,68.0
563,117.0
564,96.0
565,78.0
566,86.0
567,118.0
568,106.0
569,74.0
570,133.0
571,140.0
572,108.0
573,72.0
574,93.0
575,141.0
576,84.0
577,78.0
578,74.0
579,141.0
580,90.0
581,115.0
582,139.0
583,157.0
584,75.0
585,107.0
586,129.0
587,65.0
588,132.0
589,86.0
590,84.0
591,106.0
592,91.0
593,72.0
594,123.0
595,128.0
596,93.0
597,133.0
598,127.0
599,142.0
600,107.0
601,99.0
602,119.0
603,92.0
604,101.0
605,69.0
606,100.0
607,88.0
608,69.0
609,65.0
610,75.0
611,97.0
612,77.0
613,80.0
614,117.0
615,102.0
616,108.0
617,134.0
618,142.0
619,106.0
620,132.0
621,139.0
622,99.0
623,65.0
624,71.0
625,115.0
626,131.0
627,104.0
628,102.0
629,118.0
630,70.0
631,134.0
632,145.0
633,95.0
634,94.0
635,165.0
636,138.0
637,105.0
638,152.0
639,105.0
640,155.0
641,146.0
642,103.0
643,75.0
644,105.0
645,104.0
646,128.0
647,110.0
648,122.0
649,128.0
650,78.0
651,124.0
652,168.0
653,142.0
654,120.0
655,103.0
656,158.0
657,134.0
658,94.0
659,133.0
660,119.0
661,131.0
662,98.0
663,121.0
664,78.0
665,134.0
666,111.0
667,121.0
668,102.0
669,88.0
670,99.0
671,138.0
672,80.0
673,72.0
674,137.0
675,121.0
676,134.0
677,150.0
678,76.0
679,74.0
680,155.0
681,82.0
682,91.0
683,100.0
684,92.0
685,110.0
686,78.0
687,107.0
688,118.0
689,79.0
690,74.0
691,85.0
692,140.0
693,115.0
694,115.0
695,106.0
696,112.0
697,145.0
698,107.0
699,82.0
700,98.0
701,70.0
702,134.0
703,157.0
704,78.0
705,90.0
706,127.0
707,100.0
708,162.0
709,130.0
710,84.0
711,118.0
712,130.0
713,162.0
714,126.0
715,118.0
716,76.0
717,142.0
718,67.0
719,125.0
720,131.0
721,126.0
722,120.0
723,97.0
724,94.0
725,124.0
726,116.0
727,85.0
728,68.0
729,142.0
730,70.0
731,106.0
732,167.0
733,116.0
734,81.0
735,97.0
736,112.0
737,91.0
738,115.0
739,101.0
740,115.0
741,104.0
742,168.0
743,94.0
744,133.0
745,80.0
746,178.0
747,134.0
748,92.0
749,114.0
750,85.0
751,154.0
752,130.0
753,129.0
754,167.0
755,109.0
756,85.0
757,128.0
758,146.0
759,87.0
760,119.0
761,117.0
762,106.0
763,125.0
764,129.0
765,97.0
766,108.0
767,81.0
768,155.0
769,132.0
770,98.0
771,144.0
772,73.0
773,131.0
774,132.0
775,83.0
776,100.0
777,114.0
778,125.0
779,80.0
780,134.0
781,174.0
782,74.0
783,89.0
784,120.0
785,114.0
786,99.0
787,182.0
788,89.0
789,107.0
790,131.0
791,106.0
792,72.0
793,104.0
794,136.0
795,78.0
796,106.0
797,98.0
798,127.0
799,118.0
800,112.0
801,87.0
802,66.0
803,94.0
804,118.0
805,119.0
806,104.0
807,123.0
808,109.0
809,160.0
810,67.0
811,152.0
812,124.0
813,121.0
814,110.0
815,86.0
816,124.0
817,118.0
818,128.0
819,79.0
820,125.0
821,80.0
822,90.0
823,159.0
824,145.0
825,137.0
826,124.0
827,116.0
828,90.0
829,146.0
830,92.0
831,102.0
832,87.0
833,143.0
834,98.0
835,122.0
836,120.0
837,100.0
838,122.0
839,80.0
840,113.0
841,134.0
842,117.0
843,104.0
844,137.0
845,113.0
846,90.0
847,89.0
848,143.0
849,111.0
850,138.0
851,82.0
852,130.0
853,117.0
854,133.0
855,129.0
856,92.0
857,74.0
858,158.0
859,95.0
860,105.0
861,114.0
862,112.0
863,184.0
864,133.0
865,71.0
866,80.0
867,93.0
868,146.0
869,110.0
870,78.0
871,87.0
872,78.0
873,89.0
874,128.0
875,115.0
876,110.0
877,118.0
878,151.0
879,128.0
880,124.0
881,127.0
882,108.0
883,117.0
884,75.0
885,106.0
886,161.0
887,70.0
888,164.0
889,127.0
890,90.0
891,120.0
892,84.0
893,1000.0
894,223.0
895,80.0
896,162.0
897,131.0
898,112.0
899,87.0
900,77.0
901,120.0
902,84.0
903,78.0
904,77.0
905,120.0
906,172.0
907,121.0
908,111.0
909,90.0
910,111.0
911,107.0
912,168.0
913,129.0
914,110.0
915,100.0
916,86.0
917,78.0
918,107.0
919,161.0
920,82.0
921,139.0
922,114.0
923,83.0
924,107.0
925,157.0
926,113.0
927,112.0
928,143.0
929,124.0
930,80.0
931,91.0
932,164.0
933,93.0
934,114.0
935,185.0
936,172.0
937,99.0
938,102.0
939,134.0
940,105.0
941,170.0
942,92.0
943,132.0
944,184.0
945,172.0
946,119.0
947,86.0
948,147.0
949,147.0
950,126.0
951,86.0
952,129.0
953,99.0
954,75.0
955,99.0
956,96.0
957,143.0
958,105.0
959,96.0
960,101.0
961,95.0
962,126.0
963,62.0
964,120.0
965,106.0
966,123.0
967,81.0
968,108.0
969,117.0
970,112.0
971,138.0
972,169.0
973,89.0
974,115.0
975,120.0
976,87.0
977,106.0
978,172.0
979,138.0
980,129.0
981,158.0
982,156.0
983,120.0
984,125.0
985,89.0
986,117.0
987,97.0
988,78.0
989,107.0
990,81.0
991,104.0
992,190.0
993,71.0
994,122.0
995,76.0
996,133.0
997,85.0
998,106.0
999,76.0
1000,116.0
1001,129.0
1002,85.0
1003,86.0
1004,147.0
1005,113.0
1006,122.0
1007,145.0
1008,117.0
1009,170.0
1010,106.0
1011,106.0
1012,170.0
1013,117.0
1014,139.0
1015,166.0
1016,95.0
1017,182.0
1018,183.0
1019,150.0
1020,186.0
1021,157.0
1022,134.0
1023,163.0
1024,208.0
1025,1000.0
1026,205.0
1027,151.0
1028,145.0
1029,137.0
1030,113.0
1031,141.0
1032,224.0
1033,112.0
1034,113.0
1035,177.0
1036,145.0
1037,83.0
1038,272.0
1039,161.0
1040,81.0
1041,102.0
1042,108.0
1043,117.0
1044,114.0
1045,83.0
1046,103.0
1047,112.0
1048,118.0
1049,113.0
1050,124.0
1051,94.0
1052,120.0
1053,195.0
1054,109.0
1055,125.0
1056,162.0
1057,133.0
1058,151.0
1059,101.0
1060,114.0
1061,115.0
1062,139.0
1063,124.0
1064,130.0
1065,84.0
1066,71.0
1067,92.0
1068,154.0
1069,180.0
1070,135.0
1071,89.0
1072,162.0
1073,174.0
1074,174.0
1075,117.0
1076,86.0
1077,137.0
1078,79.0
1079,165.0
1080,130.0
1081,95.0
1082,147.0
1083,96.0
1084,87.0
1085,90.0
1086,158.0
1087,143.0
1088,78.0
1089,155.0
1090,117.0
1091,108.0
1092,149.0
1093,98.0
1094,127.0
1095,111.0
1096,112.0
1097,155.0
1098,147.0
1099,122.0
1100,167.0
1101,118.0
1102,164.0
1103,174.0
1104,185.0
1105,84.0
1106,160.0
1107,148.0
1108,144.0
1109,148.0
1110,181.0
1111,133.0
1112,139.0
1113,196.0
1114,121.0
1115,203.0
1116,165.0
1117,98.0
1118,176.0
1119,95.0
1120,86.0
1121,238.0
1122,132.0
1123,137.0
1124,101.0
1125,103.0
1126,185.0
1127,298.0
1128,123.0
1129,193.0
1130,219.0
1131,80.0
1132,118.0
1133,135.0
1134,115.0
1135,120.0
1136,82.0
1137,105.0
1138,131.0
1139,1000.0
1140,98.0
1141,133.0
1142,69.0
1143,124.0
1144,144.0
1145,109.0
1146,85.0
1147,124.0
1148,87.0
1149,78.0
1150,89.0
1151,79.0
1152,142.0
1153,142.0
1154,138.0
1155,133.0
1156,138.0
1157,143.0
1158,112.0
1159,112.0
1160,134.0
1161,125.0
1162,116.0
1163,90.0
1164,201.0
1165,96.0
1166,76.0
1167,71.0
1168,93.0
1169,101.0
1170,116.0
1171,177.0
1172,119.0
1173,114.0
1174,111.0
1175,105.0
1176,159.0
1177,107.0
1178,98.0
1179,992.0
1180,118.0
1181,137.0
1182,113.0
1183,173.0
1184,139.0
1185,199.0
1186,183.0
1187,126.0
1188,129.0
1189,119.0
1190,178.0
1191,136.0
1192,100.0
1193,201.0
1194,143.0
1195,155.0
1196,102.0
1197,218.0
1198,220.0
1199,130.0
1200,123.0
1201,136.0
1202,248.0
1203,119.0
1204,169.0
1205,127.0
1206,199.0
1207,89.0
1208,121.0
1209,201.0
1210,136.0
1211,135.0
1212,135.0
1213,72.0
1214,180.0
1215,153.0
1216,124.0
1217,126.0
1218,134.0
1219,127.0
1220,122.0
1221,120.0
1222,79.0
1223,106.0
1224,138.0
1225,72.0
1226,117.0
1227,107.0
1228,167.0
1229,112.0
1230,80.0
1231,101.0
1232,146.0
1233,79.0
1234,112.0
1235,143.0
1236,112.0
1237,174.0
1238,88.0
1239,121.0
1240,155.0
1241,159.0
1242,101.0
1243,152.0
1244,515.0
1245,151.0
1246,132.0
1247,164.0
1248,151.0
1249,185.0
1250,126.0
1251,135.0
1252,128.0
1253,123.0
1254,157.0
1255,123.0
1256,161.0
1257,112.0
1258,131.0
1259,207.0
1260,164.0
1261,115.0
1262,152.0
1263,188.0
1264,151.0
1265,152.0
1266,168.0
1267,110.0
1268,142.0
1269,113.0
1270,169.0
1271,100.0
1272,173.0
1273,93.0
1274,71.0
1275,161.0
1276,228.0
1277,123.0
1278,142.0
1279,128.0
1280,160.0
1281,195.0
1282,100.0
1283,89.0
1284,148.0
1285,155.0
1286,137.0
1287,121.0
1288,190.0
1289,123.0
1290,134.0
1291,173.0
1292,124.0
1293,104.0
1294,188.0
1295,228.0
1296,176.0
1297,200.0
1298,169.0
1299,155.0
1300,141.0
1301,124.0
1302,72.0
1303,157.0
1304,98.0
1305,110.0
1306,134.0
1307,100.0
1308,153.0
1309,226.0
1310,121.0
1311,91.0
1312,130.0
1313,122.0
1314,122.0
1315,92.0
1316,158.0
1317,94.0
1318,98.0
1319,86.0
1320,105.0
1321,146.0
1322,96.0
1323,82.0
1324,242.0
1325,108.0
1326,140.0
1327,162.0
1328,99.0
1329,174.0
1330,171.0
1331,119.0
1332,82.0
1333,78.0
1334,1000.0
1335,93.0
1336,87.0
1337,89.0
1338,136.0
1339,144.0
1340,157.0
1341,232.0
1342,106.0
1343,102.0
1344,109.0
1345,94.0
1346,100.0
1347,124.0
1348,170.0
1349,101.0
1350,109.0
1351,135.0
1352,131.0
1353,140.0
1354,125.0
1355,153.0
1356,155.0
1357,167.0
1358,138.0
1359,184.0
1360,135.0
1361,115.0
1362,132.0
1363,143.0
1364,162.0
1365,129.0
1366,88.0
1367,146.0
1368,88.0
1369,135.0
1370,200.0
1371,150.0
1372,100.0
1373,145.0
1374,90.0
1375,153.0
1376,124.0
1377,84.0
1378,159.0
1379,143.0
1380,104.0
1381,165.0
1382,157.0
1383,109.0
1384,108.0
1385,153.0
1386,139.0
1387,136.0
1388,82.0
1389,82.0
1390,190.0
1391,72.0
1392,141.0
1393,136.0
1394,144.0
1395,176.0
1396,166.0
1397,134.0
1398,104.0
1399,150.0
1400,160.0
1401,148.0
1402,231.0
1403,153.0
1404,104.0
1405,103.0
1406,125.0
1407,247.0
1408,151.0
1409,95.0
1410,83.0
1411,100.0
1412,220.0
1413,148.0
1414,131.0
1415,160.0
1416,191.0
1417,131.0
1418,272.0
1419,157.0
1420,128.0
1421,267.0
1422,168.0
1423,110.0
1424,133.0
1425,224.0
1426,165.0
1427,252.0
1428,202.0
1429,173.0
1430,158.0
1431,214.0
1432,214.0
1433,114.0
1434,131.0
1435,171.0
1436,231.0
1437,88.0
1438,307.0
1439,92.0
1440,166.0
1441,77.0
1442,132.0
1443,250.0
1444,146.0
1445,78.0
1446,163.0
1447,101.0
1448,149.0
1449,120.0
1450,130.0
1451,142.0
1452,76.0
1453,133.0
1454,145.0
1455,194.0
1456,77.0
1457,96.0
1458,475.0
1459,214.0
1460,150.0
1461,180.0
1462,124.0
1463,133.0
1464,138.0
1465,159.0
1466,144.0
1467,146.0
1468,209.0
1469,88.0
1470,1000.0
1471,152.0
1472,113.0
1473,79.0
1474,151.0
1475,135.0
1476,122.0
1477,217.0
1478,130.0
1479,151.0
1480,172.0
1481,97.0
1482,120.0
1483,172.0
1484,179.0
1485,158.0
1486,167.0
1487,258.0
1488,238.0
1489,228.0
1490,259.0
1491,137.0
1492,135.0
1493,92.0
1494,180.0
1495,125.0
1496,198.0
1497,151.0
1498,166.0
1499,163.0
1500,128.0
1501,141.0
1502,122.0
1503,225.0
1504,231.0
1505,277.0
1506,111.0
1507,70.0
1508,1000.0
1509,157.0
1510,114.0
1511,84.0
1512,89.0
1513,93.0
1514,188.0
1515,143.0
1516,201.0
1517,240.0
1518,130.0
1519,118.0
1520,198.0
1521,310.0
1522,117.0
1523,137.0
1524,182.0
1525,142.0
1526,180.0
1527,157.0
1528,189.0
1529,103.0
1530,196.0
1531,124.0
1532,82.0
1533,177.0
1534,214.0
1535,100.0
1536,201.0
1537,420.0
1538,210.0
1539,264.0
1540,169.0
1541,203.0
1542,199.0
1543,144.0
1544,258.0
1545,209.0
1546,177.0
1547,80.0
1548,209.0
1549,74.0
1550,126.0
1551,245.0
1552,122.0
1553,111.0
1554,110.0
1555,126.0
1556,148.0
1557,167.0
1558,184.0
1559,172.0
1560,181.0
1561,100.0
1562,158.0
1563,406.0
1564,164.0
1565,73.0
1566,417.0
1567,116.0
1568,191.0
1569,196.0
1570,261.0
1571,179.0
1572,215.0
1573,402.0
1574,130.0
1575,262.0
1576,230.0
1577,215.0
1578,88.0
1579,134.0
1580,166.0
1581,231.0
1582,185.0
1583,146.0
1584,123.0
1585,91.0
1586,108.0
1587,223.0
1588,123.0
1589,133.0
1590,182.0
1591,131.0
1592,132.0
1593,88.0
1594,311.0
1595,199.0
1596,85.0
1597,188.0
1598,130.0
1599,125.0
1600,101.0
1601,112.0
1602,147.0
1603,122.0
1604,110.0
1605,217.0
1606,144.0
1607,128.0
1608,160.0
1609,187.0
1610,143.0
1611,130.0
1612,193.0
1613,273.0
1614,157.0
1615,173.0
1616,1000.0
1617,1000.0
1618,102.0
1619,220.0
1620,112.0
1621,123.0
1622,185.0
1623,282.0
1624,160.0
1625,285.0
1626,159.0
1627,163.0
1628,239.0
1629,86.0
1630,593.0
1631,187.0
1632,225.0
1633,278.0
1634,241.0
1635,279.0
1636,206.0
1637,678.0
1638,1000.0
1639,210.0
1640,152.0
1641,123.0
1642,130.0
1643,145.0
1644,127.0
1645,84.0
1646,137.0
1647,241.0
1648,125.0
1649,105.0
1650,210.0
1651,143.0
1652,121.0
1653,132.0
1654,223.0
1655,153.0
1656,229.0
1657,78.0
1658,207.0
1659,184.0
1660,181.0
1661,252.0
1662,124.0
1663,271.0
1664,210.0
1665,209.0
1666,188.0
1667,1000.0
1668,522.0
1669,97.0
1670,122.0
1671,87.0
1672,284.0
1673,78.0
1674,292.0
1675,232.0
1676,109.0
1677,82.0
1678,186.0
1679,95.0
1680,135.0
1681,129.0
1682,186.0
1683,182.0
1684,322.0
1685,359.0
1686,158.0
1687,169.0
1688,119.0
1689,144.0
1690,292.0
1691,232.0
1692,97.0
1693,274.0
1694,130.0
1695,135.0
1696,1000.0
1697,141.0
1698,216.0
1699,151.0
1700,143.0
1701,184.0
1702,116.0
1703,118.0
1704,112.0
1705,116.0
1706,88.0
1707,144.0
1708,77.0
1709,177.0
1710,205.0
1711,84.0
1712,110.0
1713,213.0
1714,136.0
1715,137.0
1716,219.0
1717,226.0
1718,271.0
1719,178.0
1720,134.0
1721,282.0
1722,108.0
1723,159.0
1724,157.0
1725,78.0
1726,160.0
1727,1000.0
1728,197.0
1729,160.0
1730,135.0
1731,179.0
1732,144.0
1733,175.0
1734,163.0
1735,151.0
1736,208.0
1737,145.0
1738,211.0
1739,136.0
1740,272.0
1741,186.0
1742,137.0
1743,95.0
1744,117.0
1745,128.0
1746,147.0
1747,143.0
1748,183.0
1749,433.0
1750,359.0
1751,102.0
1752,132.0
1753,152.0
1754,253.0
1755,328.0
1756,207.0
1757,157.0
1758,166.0
1759,263.0
1760,429.0
1761,390.0
1762,111.0
1763,63.0
1764,96.0
1765,245.0
1766,1000.0
1767,175.0
1768,378.0
1769,191.0
1770,438.0
1771,170.0
1772,299.0
1773,132.0
1774,122.0
1775,162.0
1776,344.0
1777,143.0
1778,113.0
1779,137.0
1780,130.0
1781,156.0
1782,906.0
1783,181.0
1784,1000.0
1785,155.0
1786,216.0
1787,409.0
1788,105.0
1789,184.0
1790,287.0
1791,270.0
1792,101.0
1793,206.0
1794,233.0
1795,895.0
1796,293.0
1797,127.0
1798,227.0
1799,234.0
1800,145.0
1801,103.0
1802,488.0
1803,1000.0
1804,1000.0
1805,301.0
1806,222.0
1807,1000.0
1808,1000.0
1809,422.0
1810,403.0
1811,1000.0
1812,145.0
1813,154.0
1814,111.0
1815,187.0
1816,338.0
1817,122.0
1818,181.0
1819,186.0
1820,156.0
1821,1000.0
1822,307.0
1823,208.0
1824,797.0
1825,1000.0
1826,379.0
1827,379.0
1828,82.0
1829,231.0
1830,361.0
1831,391.0
1832,178.0
1833,119.0
1834,1000.0
1835,1000.0
1836,205.0
1837,1000.0
1838,290.0
1839,207.0
1840,118.0
1841,170.0
1842,240.0
1843,732.0
1844,108.0
1845,143.0
1846,225.0
1847,227.0
1848,751.0
1849,255.0
1850,207.0
1851,331.0
1852,1000.0
1853,122.0
1854,1000.0
1855,1000.0
1856,121.0
1857,1000.0
1858,102.0
1859,134.0
1860,1000.0
1861,239.0
1862,338.0
1863,254.0
1864,260.0
1865,805.0
1866,287.0
1867,222.0
1868,304.0
1869,1000.0
1870,222.0
1871,284.0
1872,1000.0
1873,1000.0
1874,1000.0
1875,1000.0
1876,154.0
1877,150.0
1878,1000.0
1879,152.0
1880,930.0
1881,375.0
1882,409.0
1883,541.0
1884,148.0
1885,123.0
1886,561.0
1887,1000.0
1888,579.0
1889,1000.0
1890,189.0
1891,785.0
1892,233.0
1893,986.0
1894,1000.0
1895,284.0
1896,107.0
1897,74.0
1898,198.0
1899,477.0
1900,1000.0
1901,125.0
1902,273.0
1903,477.0
1904,1000.0
1905,180.0
1906,194.0
1907,200.0
1908,384.0
1909,118.0
1910,600.0
1911,1000.0
1912,486.0
1913,125.0
1914,249.0
1915,201.0
1916,95.0
1917,646.0
1918,1000.0
1919,1000.0
1920,1000.0
1921,349.0
1922,155.0
1923,1000.0
1924,468.0
1925,1000.0
1926,1000.0
1927,1000.0
1928,400.0
1929,1000.0
1930,876.0
1931,1000.0
1932,289.0
1933,1000.0
1934,1000.0
1935,1000.0
1936,424.0
1937,1000.0
1938,1000.0
1939,1000.0
1940,1000.0
1941,768.0
1942,1000.0
1943,453.0
1944,1000.0
1945,1000.0
1946,1000.0
1947,1000.0
1948,1000.0
1949,275.0
1950,353.0
1951,1000.0
1952,1000.0
1953,1000.0
1954,1000.0
1955,1000.0
1956,1000.0
1957,1000.0
1958,181.0
1959,149.0
1960,637.0
1961,1000.0
1962,1000.0
1963,164.0
1964,1000.0
1965,1000.0
1966,1000.0
1967,553.0
1968,275.0
1969,183.0
1970,1000.0
1971,1000.0
1972,1000.0
1973,353.0
1974,1000.0
1975,1000.0
1976,96.0
1977,1000.0
1978,1000.0
1979,1000.0
1980,1000.0
1981,1000.0
1982,1000.0
1983,1000.0
1984,1000.0
1985,1000.0
1986,239.0
1987,1000.0
1988,319.0
1989,1000.0
1990,1000.0
1991,1000.0
1992,1000.0
1993,609.0
1994,1000.0
1995,296.0
1996,1000.0
1997,1000.0
1998,1000.0
1999,1000.0
2000,107.0
2001,1000.0
2002,1000.0
2003,1000.0
2004,1000.0
2005,67.0
2006,244.0
2007,505.0
2008,578.0
2009,967.0
2010,109.0
2011,1000.0
2012,1000.0
2013,180.0
2014,614.0
2015,103.0
2016,695.0
2017,1000.0
2018,1000.0
2019,1000.0
2020,1000.0
2021,1000.0
2022,669.0
2023,191.0
2024,1000.0
2025,291.0
2026,1000.0
2027,1000.0
2028,1000.0
2029,1000.0
2030,1000.0
2031,663.0
2032,1000.0
2033,1000.0
2034,1000.0
2035,1000.0
2036,1000.0
2037,1000.0
2038,1000.0
2039,1000.0
2040,1000.0
2041,572.0
2042,1000.0
2043,1000.0
2044,1000.0
2045,1000.0
2046,1000.0
2047,1000.0
2048,1000.0
2049,1000.0
2050,1000.0
2051,1000.0
2052,1000.0
2053,1000.0
2054,106.0
2055,1000.0
2056,222.0
2057,1000.0
2058,1000.0
2059,1000.0
2060,1000.0
2061,119.0
2062,1000.0
2063,1000.0
2064,1000.0
2065,103.0
2066,256.0
2067,1000.0
2068,1000.0
2069,1000.0
2070,1000.0
2071,1000.0
2072,1000.0
2073,90.0
2074,1000.0
2075,1000.0
2076,1000.0
2077,1000.0
2078,1000.0
2079,1000.0
2080,1000.0
2081,1000.0
2082,1000.0
2083,1000.0
2084,1000.0
2085,847.0
2086,1000.0
2087,202.0
2088,1000.0
2089,1000.0
2090,1000.0
2091,1000.0
2092,1000.0
2093,1000.0
2094,1000.0
2095,1000.0
2096,1000.0
2097,1000.0
2098,1000.0
2099,1000.0
2100,1000.0
2101,204.0
2102,1000.0
2103,1000.0
2104,1000.0
2105,1000.0
2106,1000.0
2107,1000.0
2108,1000.0
2109,1000.0
2110,1000.0
2111,1000.0
2112,1000.0
2113,1000.0
2114,1000.0
2115,1000.0
2116,106.0
2117,1000.0
2118,1000.0
2119,1000.0
2120,1000.0
2121,1000.0
2122,1000.0
2123,1000.0
2124,1000.0
2125,1000.0
2126,1000.0
2127,1000.0
2128,1000.0
2129,1000.0
2130,1000.0
2131,1000.0
2132,118.0
2133,105.0
2134,1000.0
2135,1000.0
2136,1000.0
2137,1000.0
2138,1000.0
2139,1000.0
2140,1000.0
2141,1000.0
2142,1000.0
2143,1000.0
2144,1000.0
2145,1000.0
2146,1000.0
2147,1000.0
2148,1000.0
2149,1000.0
2150,1000.0
2151,1000.0
2152,1000.0
2153,1000.0
2154,1000.0
2155,1000.0
2156,1000.0
2157,1000.0
2158,1000.0
2159,1000.0
2160,1000.0
2161,1000.0
2162,1000.0
2163,1000.0
2164,1000.0
2165,1000.0
2166,1000.0
2167,1000.0
2168,1000.0
2169,1000.0
2170,1000.0
2171,1000.0
2172,1000.0
2173,1000.0
2174,1000.0
2175,1000.0
2176,1000.0
2177,1000.0
2178,1000.0
2179,1000.0
2180,1000.0
2181,946.0
2182,1000.0
2183,1000.0
2184,1000.0
2185,1000.0
2186,1000.0
2187,1000.0
2188,1000.0
2189,1000.0
2190,1000.0
2191,1000.0
2192,1000.0
2193,1000.0
2194,108.0
2195,1000.0
2196,1000.0
2197,1000.0
2198,1000.0
2199,1000.0
2200,1000.0
2201,1000.0
2202,1000.0
2203,1000.0
2204,982.0
2205,1000.0
2206,1000.0
2207,1000.0
2208,1000.0
2209,1000.0
2210,1000.0
2211,1000.0
2212,1000.0
2213,1000.0
2214,1000.0
2215,1000.0
2216,1000.0
2217,1000.0
2218,1000.0
2219,1000.0
2220,1000.0
2221,1000.0
2222,1000.0
2223,1000.0
2224,1000.0
2225,1000.0
2226,1000.0
2227,1000.0
2228,1000.0
2229,1000.0
2230,600.0
2231,793.0
2232,1000.0
2233,1000.0
2234,1000.0
2235,1000.0
2236,1000.0
2237,1000.0
2238,1000.0
2239,1000.0
2240,1000.0
2241,1000.0
2242,1000.0
2243,1000.0
2244,1000.0
2245,1000.0
2246,1000.0
2247,1000.0
2248,1000.0
2249,1000.0
2250,1000.0
2251,1000.0
2252,1000.0
2253,1000.0
2254,1000.0
2255,1000.0
2256,1000.0
2257,1000.0
2258,1000.0
2259,1000.0
2260,1000.0
2261,1000.0
2262,1000.0
2263,1000.0
2264,1000.0
2265,1000.0
2266,1000.0
2267,1000.0
2268,1000.0
2269,1000.0
2270,1000.0
2271,1000.0
2272,1000.0
2273,292.0
2274,1000.0
2275,1000.0
2276,1000.0
2277,1000.0
2278,1000.0
2279,1000.0
2280,1000.0
2281,1000.0
2282,1000.0
2283,1000.0
2284,1000.0
2285,1000.0
2286,1000.0
2287,1000.0
2288,1000.0
2289,1000.0
2290,1000.0
2291,1000.0
2292,1000.0
2293,1000.0
2294,1000.0
2295,1000.0
2296,1000.0
2297,1000.0
2298,1000.0
2299,1000.0
2300,1000.0
2301,1000.0
2302,1000.0
2303,1000.0
2304,1000.0
2305,1000.0
2306,1000.0
2307,1000.0
2308,1000.0
2309,1000.0
2310,1000.0
2311,1000.0
2312,1000.0
2313,1000.0
2314,1000.0
2315,1000.0
2316,1000.0
2317,1000.0
2318,93.0
2319,1000.0
2320,1000.0
2321,1000.0
2322,1000.0
2323,1000.0
2324,1000.0
2325,1000.0
2326,1000.0
2327,1000.0
2328,1000.0
2329,1000.0
2330,104.0
2331,1000.0
2332,79.0
2333,1000.0
2334,1000.0
2335,1000.0
2336,1000.0
2337,1000.0
2338,1000.0
2339,1000.0
2340,1000.0
2341,1000.0
2342,1000.0
2343,1000.0
2344,1000.0
2345,1000.0
2346,1000.0
2347,1000.0
2348,78.0
2349,1000.0
2350,1000.0
2351,1000.0
2352,1000.0
2353,1000.0
2354,1000.0
2355,1000.0
2356,1000.0
2357,1000.0
2358,1000.0
2359,1000.0
2360,1000.0
2361,497.0
2362,1000.0
2363,617.0
2364,666.0
2365,1000.0
2366,1000.0
2367,1000.0
2368,376.0
2369,1000.0
2370,1000.0
2371,1000.0
2372,1000.0
2373,1000.0
2374,1000.0
2375,1000.0
2376,1000.0
2377,529.0
2378,1000.0
2379,1000.0
2380,1000.0
2381,1000.0
2382,1000.0
2383,1000.0
2384,1000.0
2385,1000.0
2386,899.0
2387,1000.0
2388,1000.0
2389,1000.0
2390,1000.0
2391,1000.0
2392,1000.0
2393,1000.0
2394,1000.0
2395,1000.0
2396,1000.0
2397,1000.0
2398,610.0
2399,1000.0
2400,1000.0
2401,1000.0
2402,1000.0
2403,1000.0
2404,1000.0
2405,1000.0
2406,1000.0
2407,1000.0
2408,1000.0
2409,1000.0
2410,1000.0
2411,1000.0
2412,1000.0
2413,1000.0
2414,1000.0
2415,580.0
2416,1000.0
2417,1000.0
2418,1000.0
2419,1000.0
2420,1000.0
2421,1000.0
2422,1000.0
2423,1000.0
2424,1000.0
2425,1000.0
2426,1000.0
2427,137.0
2428,1000.0
2429,1000.0
2430,1000.0
2431,1000.0
2432,1000.0
2433,1000.0
2434,1000.0
2435,1000.0
2436,1000.0
2437,1000.0
2438,1000.0
2439,949.0
2440,298.0
2441,825.0
2442,561.0
2443,1000.0
2444,1000.0
2445,1000.0
2446,1000.0
2447,1000.0
2448,1000.0
2449,1000.0
2450,1000.0
2451,1000.0
2452,1000.0
2453,1000.0
2454,1000.0
2455,1000.0
2456,1000.0
2457,830.0
2458,1000.0
2459,1000.0
2460,1000.0
2461,1000.0
2462,1000.0
2463,1000.0
2464,1000.0
2465,1000.0
2466,1000.0
2467,157.0
2468,1000.0
2469,1000.0
2470,1000.0
2471,1000.0
2472,1000.0
2473,1000.0
2474,1000.0
2475,1000.0
2476,1000.0
2477,1000.0
2478,1000.0
2479,813.0
2480,1000.0
2481,1000.0
2482,1000.0
2483,1000.0
2484,1000.0
2485,1000.0
2486,1000.0
2487,1000.0
2488,1000.0
2489,627.0
2490,1000.0
2491,1000.0
2492,1000.0
2493,1000.0
2494,1000.0
2495,1000.0
2496,1000.0
2497,1000.0
2498,1000.0
2499,1000.0
2500,1000.0
2501,416.0
2502,1000.0
2503,1000.0
2504,1000.0
2505,1000.0
2506,1000.0
2507,1000.0
2508,1000.0
2509,1000.0
2510,1000.0
2511,1000.0
2512,1000.0
2513,1000.0
2514,1000.0
2515,1000.0
2516,1000.0
2517,1000.0
2518,1000.0
2519,1000.0
2520,1000.0
2521,1000.0
2522,762.0
2523,191.0
2524,1000.0
2525,1000.0
2526,1000.0
2527,1000.0
2528,1000.0
2529,1000.0
2530,1000.0
2531,1000.0
2532,1000.0
2533,718.0
2534,1000.0
2535,1000.0
2536,1000.0
2537,1000.0
2538,718.0
2539,1000.0
2540,1000.0
2541,1000.0
2542,1000.0
2543,1000.0
2544,1000.0
2545,1000.0
2546,1000.0
2547,1000.0
2548,890.0
2549,1000.0
2550,1000.0
2551,1000.0
2552,1000.0
2553,1000.0
2554,1000.0
2555,1000.0
2556,1000.0
2557,1000.0
2558,1000.0
2559,1000.0
2560,258.0
2561,1000.0
2562,1000.0
2563,1000.0
2564,1000.0
2565,1000.0
2566,697.0
2567,1000.0
2568,1000.0
2569,1000.0
2570,1000.0
2571,1000.0
2572,1000.0
2573,1000.0
2574,1000.0
2575,1000.0
2576,1000.0
2577,1000.0
2578,1000.0
2579,1000.0
2580,833.0
2581,1000.0
2582,1000.0
2583,1000.0
2584,1000.0
2585,1000.0
2586,1000.0
2587,1000.0
2588,779.0
2589,987.0
2590,1000.0
2591,1000.0
2592,1000.0
2593,1000.0
2594,1000.0
2595,1000.0
2596,1000.0
2597,214.0
2598,1000.0
2599,1000.0
2600,521.0
2601,1000.0
2602,1000.0
2603,1000.0
2604,1000.0
2605,789.0
2606,1000.0
2607,947.0
2608,1000.0
2609,1000.0
2610,1000.0
2611,1000.0
2612,769.0
2613,942.0
2614,950.0
2615,1000.0
2616,1000.0
2617,1000.0
2618,930.0
2619,1000.0
2620,1000.0
2621,1000.0
2622,1000.0
2623,1000.0
2624,1000.0
2625,1000.0
2626,1000.0
2627,1000.0
2628,1000.0
2629,407.0
2630,1000.0
2631,1000.0
2632,1000.0
2633,1000.0
2634,371.0
2635,1000.0
2636,1000.0
2637,1000.0
2638,1000.0
2639,614.0
2640,1000.0
2641,1000.0
2642,1000.0
2643,1000.0
2644,1000.0
2645,1000.0
2646,1000.0
2647,1000.0
2648,1000.0
2649,1000.0
2650,1000.0
2651,1000.0
2652,1000.0
2653,1000.0
2654,940.0
2655,1000.0
2656,1000.0
2657,1000.0
2658,1000.0
2659,1000.0
2660,1000.0
2661,769.0
2662,640.0
2663,1000.0
2664,1000.0
2665,1000.0
2666,635.0
2667,362.0
2668,720.0
2669,1000.0
2670,1000.0
2671,272.0
2672,1000.0
2673,807.0
2674,1000.0
2675,750.0
2676,898.0
2677,829.0
2678,1000.0
2679,1000.0
2680,1000.0
2681,1000.0
2682,1000.0
2683,865.0
2684,976.0
2685,1000.0
2686,1000.0
2687,988.0
2688,776.0
2689,963.0
2690,886.0
2691,1000.0
2692,1000.0
2693,755.0
2694,1000.0
2695,685.0
2696,1000.0
2697,959.0
2698,1000.0
2699,1000.0
2700,1000.0
2701,1000.0
2702,1000.0
2703,1000.0
2704,1000.0
2705,1000.0
2706,1000.0
2707,1000.0
2708,1000.0
2709,1000.0
2710,1000.0
2711,1000.0
2712,1000.0
2713,835.0
2714,1000.0
2715,1000.0
2716,1000.0
2717,1000.0
2718,1000.0
2719,1000.0
2720,1000.0
2721,1000.0
2722,1000.0
2723,1000.0
2724,1000.0
2725,1000.0
2726,1000.0
2727,1000.0
2728,1000.0
2729,1000.0
2730,1000.0
2731,1000.0
2732,1000.0
2733,1000.0
2734,728.0
2735,1000.0
2736,512.0
2737,1000.0
2738,1000.0
2739,1000.0
2740,749.0
2741,1000.0
2742,1000.0
2743,1000.0
2744,1000.0
2745,1000.0
2746,1000.0
2747,1000.0
2748,1000.0
2749,1000.0
2750,1000.0
2751,1000.0
2752,1000.0
2753,1000.0
2754,1000.0
2755,1000.0
2756,1000.0
2757,1000.0
2758,1000.0
2759,1000.0
2760,1000.0
2761,1000.0
2762,1000.0
2763,1000.0
2764,1000.0
2765,1000.0
2766,1000.0
2767,1000.0
2768,1000.0
2769,1000.0
2770,1000.0
2771,1000.0
2772,1000.0
2773,1000.0
2774,1000.0
2775,1000.0
2776,1000.0
2777,1000.0
2778,1000.0
2779,1000.0
2780,1000.0
2781,1000.0
2782,1000.0
2783,1000.0
2784,1000.0
2785,1000.0
2786,1000.0
2787,1000.0
2788,1000.0
2789,1000.0
2790,1000.0
2791,1000.0
2792,1000.0
2793,1000.0
2794,1000.0
2795,1000.0
2796,1000.0
2797,1000.0
2798,1000.0
2799,1000.0
2800,1000.0
2801,1000.0
2802,1000.0
2803,1000.0
2804,1000.0
2805,1000.0
2806,1000.0
2807,1000.0
2808,1000.0
2809,867.0
2810,1000.0
2811,1000.0
2812,1000.0
2813,1000.0
2814,1000.0
2815,1000.0
2816,1000.0
2817,1000.0
2818,1000.0
2819,1000.0
2820,1000.0
2821,1000.0
2822,846.0
2823,1000.0
2824,1000.0
2825,1000.0
2826,1000.0
2827,1000.0
2828,700.0
2829,1000.0
2830,1000.0
2831,1000.0
2832,1000.0
2833,1000.0
2834,1000.0
2835,1000.0
2836,1000.0
2837,1000.0
2838,1000.0
2839,1000.0
2840,507.0
2841,1000.0
2842,1000.0
2843,1000.0
2844,1000.0
2845,1000.0
2846,1000.0
2847,1000.0
2848,1000.0
2849,1000.0
2850,1000.0
2851,1000.0
2852,1000.0
2853,865.0
2854,1000.0
2855,1000.0
2856,1000.0
2857,1000.0
2858,1000.0
2859,1000.0
2860,1000.0
2861,625.0
2862,1000.0
2863,1000.0
2864,1000.0
2865,1000.0
2866,1000.0
2867,1000.0
2868,1000.0
2869,1000.0
2870,1000.0
2871,1000.0
2872,1000.0
2873,1000.0
2874,973.0
2875,1000.0
2876,1000.0
2877,1000.0
2878,921.0
2879,1000.0
2880,1000.0
2881,1000.0
2882,1000.0
2883,1000.0
2884,1000.0
2885,1000.0
2886,1000.0
2887,1000.0
2888,1000.0
2889,803.0
2890,1000.0
2891,1000.0
2892,1000.0
2893,1000.0
2894,1000.0
2895,1000.0
2896,1000.0
2897,1000.0
2898,1000.0
2899,1000.0
2900,1000.0
2901,1000.0
2902,1000.0
2903,1000.0
2904,1000.0
2905,783.0
2906,788.0
2907,1000.0
2908,1000.0
2909,1000.0
2910,1000.0
2911,1000.0
2912,1000.0
2913,1000.0
2914,1000.0
2915,1000.0
2916,1000.0
2917,1000.0
2918,1000.0
2919,1000.0
2920,1000.0
2921,1000.0
2922,1000.0
2923,1000.0
2924,1000.0
2925,1000.0
2926,1000.0
2927,1000.0
2928,1000.0
2929,1000.0
2930,1000.0
2931,1000.0
2932,1000.0
2933,1000.0
2934,1000.0
2935,1000.0
2936,1000.0
2937,1000.0
2938,1000.0
2939,1000.0
2940,1000.0
2941,1000.0
2942,1000.0
2943,1000.0
2944,1000.0
2945,1000.0
2946,1000.0
2947,1000.0
2948,1000.0
2949,1000.0
2950,1000.0
2951,1000.0
2952,1000.0
2953,1000.0
2954,1000.0
2955,1000.0
2956,1000.0
2957,1000.0
2958,1000.0
2959,1000.0
2960,1000.0
2961,1000.0
2962,1000.0
2963,1000.0
2964,1000.0
2965,1000.0
2966,1000.0
2967,1000.0
2968,1000.0
2969,1000.0
2970,1000.0
2971,1000.0
2972,1000.0
2973,1000.0
2974,1000.0
2975,1000.0
2976,1000.0
2977,1000.0
2978,1000.0
2979,1000.0
2980,1000.0
2981,1000.0
2982,1000.0
2983,1000.0
2984,1000.0
2985,1000.0
2986,1000.0
2987,1000.0
2988,1000.0
2989,1000.0
2990,1000.0
2991,1000.0
2992,1000.0
2993,1000.0
2994,1000.0
2995,1000.0
2996,1000.0
2997,1000.0
2998,1000.0
2999,1000.0
3000,1000.0
3001,1000.0
3002,1000.0
3003,1000.0
3004,1000.0
3005,1000.0
3006,1000.0
3007,1000.0
3008,1000.0
3009,1000.0
3010,1000.0
3011,1000.0
3012,1000.0
3013,1000.0
3014,834.0
3015,982.0
3016,1000.0
3017,1000.0
3018,790.0
3019,1000.0
3020,1000.0
3021,1000.0
3022,1000.0
3023,931.0
3024,1000.0
3025,1000.0
3026,1000.0
3027,1000.0
3028,1000.0
3029,1000.0
3030,1000.0
3031,1000.0
3032,919.0
3033,1000.0
3034,1000.0
3035,1000.0
3036,1000.0
3037,1000.0
3038,1000.0
3039,1000.0
3040,1000.0
3041,1000.0
3042,1000.0
3043,1000.0
3044,1000.0
3045,1000.0
3046,1000.0
3047,1000.0
3048,1000.0
3049,1000.0
3050,1000.0
3051,1000.0
3052,1000.0
3053,1000.0
3054,1000.0
3055,1000.0
3056,1000.0
3057,813.0
3058,1000.0
3059,1000.0
3060,1000.0
3061,1000.0
3062,1000.0
3063,1000.0
3064,1000.0
3065,1000.0
3066,1000.0
3067,1000.0
3068,1000.0
3069,1000.0
3070,1000.0
3071,1000.0
3072,1000.0
3073,1000.0
3074,1000.0
3075,1000.0
3076,1000.0
3077,1000.0
3078,1000.0
3079,1000.0
3080,845.0
3081,1000.0
3082,1000.0
3083,1000.0
3084,1000.0
3085,916.0
3086,1000.0
3087,981.0
3088,1000.0
3089,1000.0
3090,1000.0
3091,994.0
3092,931.0
3093,1000.0
3094,1000.0
3095,1000.0
3096,1000.0
3097,1000.0
3098,1000.0
3099,1000.0
3100,1000.0
3101,1000.0
3102,1000.0
3103,1000.0
3104,1000.0
3105,1000.0
3106,1000.0
3107,1000.0
3108,1000.0
3109,1000.0
3110,1000.0
3111,1000.0
3112,1000.0
3113,1000.0
3114,1000.0
3115,1000.0
3116,1000.0
3117,1000.0
3118,1000.0
3119,1000.0
3120,1000.0
3121,1000.0
3122,1000.0
3123,1000.0
3124,1000.0
3125,188.0
3126,1000.0
3127,1000.0
3128,1000.0
3129,1000.0
3130,1000.0
3131,1000.0
3132,1000.0
3133,1000.0
3134,1000.0
3135,1000.0
3136,1000.0
3137,1000.0
3138,1000.0
3139,1000.0
3140,1000.0
3141,1000.0
3142,1000.0
3143,1000.0
3144,1000.0
3145,1000.0
3146,1000.0
3147,1000.0
3148,1000.0
3149,1000.0
3150,878.0
3151,1000.0
3152,1000.0
3153,1000.0
3154,1000.0
3155,1000.0
3156,658.0
3157,1000.0
3158,1000.0
3159,1000.0
3160,735.0
3161,933.0
3162,1000.0
3163,1000.0
3164,610.0
3165,1000.0
3166,833.0
3167,1000.0
3168,785.0
3169,870.0
3170,1000.0
3171,739.0
3172,847.0
3173,1000.0
3174,785.0
3175,1000.0
3176,832.0
3177,948.0
3178,1000.0
3179,657.0
3180,1000.0
3181,955.0
3182,1000.0
3183,734.0
3184,928.0
3185,1000.0
3186,1000.0
3187,934.0
3188,1000.0
3189,1000.0
3190,1000.0
3191,1000.0
3192,1000.0
3193,738.0
3194,1000.0
3195,956.0
3196,934.0
3197,1000.0
3198,805.0
3199,1000.0
3200,1000.0
3201,1000.0
3202,1000.0
3203,1000.0
3204,1000.0
3205,1000.0
3206,1000.0
3207,1000.0
3208,1000.0
3209,1000.0
3210,1000.0
3211,1000.0
3212,184.0
3213,1000.0
3214,987.0
3215,1000.0
3216,1000.0
3217,1000.0
3218,1000.0
3219,1000.0
3220,1000.0
3221,1000.0
3222,1000.0
3223,1000.0
3224,952.0
3225,1000.0
3226,1000.0
3227,1000.0
3228,1000.0
3229,1000.0
3230,1000.0
3231,770.0
3232,896.0
3233,879.0
3234,1000.0
3235,1000.0
3236,1000.0
3237,1000.0
3238,1000.0
3239,945.0
3240,1000.0
3241,732.0
3242,958.0
3243,1000.0
3244,1000.0
3245,1000.0
3246,1000.0
3247,1000.0
3248,1000.0
3249,1000.0
3250,951.0
3251,703.0
3252,1000.0
3253,1000.0
3254,1000.0
3255,1000.0
3256,1000.0
3257,1000.0
3258,912.0
3259,1000.0
3260,781.0
3261,1000.0
3262,1000.0
3263,1000.0
3264,1000.0
3265,1000.0
3266,1000.0
3267,1000.0
3268,1000.0
3269,1000.0
3270,1000.0
3271,1000.0
3272,1000.0
3273,1000.0
3274,1000.0
3275,1000.0
3276,517.0
3277,1000.0
3278,1000.0
3279,1000.0
3280,1000.0
3281,1000.0
3282,1000.0
3283,1000.0
3284,1000.0
3285,1000.0
3286,522.0
3287,1000.0
3288,1000.0
3289,1000.0
3290,1000.0
3291,1000.0
3292,1000.0
3293,1000.0
3294,1000.0
3295,1000.0
3296,1000.0
3297,1000.0
3298,1000.0
3299,1000.0
3300,1000.0
3301,1000.0
3302,1000.0
3303,1000.0
3304,1000.0
3305,1000.0
3306,1000.0
3307,1000.0
3308,1000.0
3309,1000.0
3310,1000.0
3311,1000.0
3312,656.0
3313,1000.0
3314,1000.0
3315,545.0
3316,1000.0
3317,1000.0
3318,1000.0
3319,614.0
3320,1000.0
3321,1000.0
3322,1000.0
3323,1000.0
3324,1000.0
3325,1000.0
3326,803.0
3327,854.0
3328,1000.0
3329,1000.0
3330,1000.0
3331,1000.0
3332,1000.0
3333,1000.0
3334,1000.0
3335,1000.0
3336,1000.0
3337,1000.0
3338,1000.0
3339,772.0
3340,865.0
3341,1000.0
3342,1000.0
3343,869.0
3344,719.0
3345,1000.0
3346,1000.0
3347,824.0
3348,849.0
3349,1000.0
3350,1000.0
3351,658.0
3352,763.0
3353,614.0
3354,672.0
3355,1000.0
3356,1000.0
3357,972.0
3358,1000.0
3359,753.0
3360,1000.0
3361,1000.0
3362,1000.0
3363,1000.0
3364,1000.0
3365,1000.0
3366,1000.0
3367,1000.0
3368,1000.0
3369,210.0
3370,1000.0
3371,1000.0
3372,1000.0
3373,1000.0
3374,798.0
3375,1000.0
3376,1000.0
3377,1000.0
3378,1000.0
3379,360.0
3380,1000.0
3381,215.0
3382,1000.0
3383,1000.0
3384,1000.0
3385,871.0
3386,1000.0
3387,1000.0
3388,1000.0
3389,1000.0
3390,1000.0
3391,1000.0
3392,1000.0
3393,1000.0
3394,462.0
3395,578.0
3396,1000.0
3397,1000.0
3398,1000.0
3399,1000.0
3400,1000.0
3401,1000.0
3402,1000.0
3403,751.0
3404,1000.0
3405,1000.0
3406,1000.0
3407,1000.0
3408,380.0
3409,680.0
3410,1000.0
3411,1000.0
3412,731.0
3413,792.0
3414,1000.0
3415,1000.0
3416,946.0
3417,772.0
3418,1000.0
3419,1000.0
3420,546.0
3421,1000.0
3422,1000.0
3423,1000.0
3424,707.0
3425,1000.0
3426,1000.0
3427,1000.0
3428,740.0
3429,1000.0
3430,1000.0
3431,1000.0
3432,551.0
3433,896.0
3434,1000.0
3435,807.0
3436,1000.0
3437,1000.0
3438,636.0
3439,1000.0
3440,1000.0
3441,999.0
3442,994.0
3443,915.0
3444,1000.0
3445,1000.0
3446,383.0
3447,1000.0
3448,1000.0
3449,1000.0
3450,1000.0
3451,113.0
3452,770.0
3453,705.0
3454,733.0
3455,903.0
3456,1000.0
3457,823.0
3458,1000.0
3459,1000.0
3460,1000.0
3461,1000.0
3462,1000.0
3463,1000.0
3464,1000.0
3465,1000.0
3466,511.0
3467,550.0
3468,1000.0
3469,799.0
3470,1000.0
3471,858.0
3472,1000.0
3473,1000.0
3474,477.0
3475,1000.0
3476,1000.0
3477,1000.0
3478,1000.0
3479,1000.0
3480,869.0
3481,1000.0
3482,947.0
3483,1000.0
3484,270.0
3485,1000.0
3486,789.0
3487,861.0
3488,1000.0
3489,1000.0
3490,1000.0
3491,401.0
3492,1000.0
3493,1000.0
3494,1000.0
3495,1000.0
3496,1000.0
3497,1000.0
3498,1000.0
3499,1000.0
3500,1000.0
3501,1000.0
3502,1000.0
3503,1000.0
3504,1000.0
3505,1000.0
3506,1000.0
3507,1000.0
3508,1000.0
3509,702.0
3510,537.0
3511,1000.0
3512,764.0
3513,1000.0
3514,1000.0
3515,908.0
3516,1000.0
3517,1000.0
3518,1000.0
3519,627.0
3520,1000.0
3521,1000.0
3522,732.0
3523,1000.0
3524,779.0
3525,1000.0
3526,1000.0
3527,1000.0
3528,1000.0
3529,1000.0
3530,717.0
3531,1000.0
3532,1000.0
3533,1000.0
3534,1000.0
3535,382.0
3536,421.0
3537,266.0
3538,332.0
3539,1000.0
3540,1000.0
3541,269.0
3542,1000.0
3543,658.0
3544,571.0
3545,1000.0
3546,1000.0
3547,346.0
3548,889.0
3549,979.0
3550,1000.0
3551,1000.0
3552,1000.0
3553,831.0
3554,1000.0
3555,1000.0
3556,1000.0
3557,1000.0
3558,1000.0
3559,809.0
3560,993.0
3561,1000.0
3562,491.0
3563,473.0
3564,424.0
3565,457.0
3566,1000.0
3567,577.0
3568,1000.0
3569,1000.0
3570,877.0
3571,1000.0
3572,437.0
3573,425.0
3574,670.0
3575,887.0
3576,1000.0
3577,589.0
3578,1000.0
3579,646.0
3580,1000.0
3581,570.0
3582,955.0
3583,1000.0
3584,744.0
3585,1000.0
3586,562.0
3587,636.0
3588,1000.0
3589,624.0
3590,372.0
3591,464.0
3592,440.0
3593,949.0
3594,1000.0
3595,1000.0
3596,543.0
3597,973.0
3598,716.0
3599,422.0
3600,419.0
3601,1000.0
3602,314.0
3603,498.0
3604,397.0
3605,493.0
3606,1000.0
3607,803.0
3608,1000.0
3609,1000.0
3610,1000.0
3611,1000.0
3612,1000.0
3613,530.0
3614,1000.0
3615,1000.0
3616,1000.0
3617,962.0
3618,1000.0
3619,1000.0
3620,630.0
3621,1000.0
3622,874.0
3623,288.0
3624,1000.0
3625,469.0
3626,1000.0
3627,400.0
3628,463.0
3629,400.0
3630,1000.0
3631,1000.0
3632,314.0
3633,1000.0
3634,1000.0
3635,523.0
3636,309.0
3637,1000.0
3638,1000.0
3639,377.0
3640,422.0
3641,987.0
3642,323.0
3643,530.0
3644,463.0
3645,345.0
3646,1000.0
3647,894.0
3648,1000.0
3649,860.0
3650,443.0
3651,921.0
3652,593.0
3653,865.0
3654,360.0
3655,450.0
3656,409.0
3657,536.0
3658,1000.0
3659,679.0
3660,1000.0
3661,477.0
3662,511.0
3663,1000.0
3664,513.0
3665,1000.0
3666,1000.0
3667,1000.0
3668,552.0
3669,669.0
3670,1000.0
3671,543.0
3672,733.0
3673,1000.0
3674,934.0
3675,364.0
3676,1000.0
3677,326.0
3678,1000.0
3679,361.0
3680,625.0
3681,1000.0
3682,366.0
3683,414.0
3684,652.0
3685,344.0
3686,951.0
3687,769.0
3688,427.0
3689,541.0
3690,921.0
3691,1000.0
3692,1000.0
3693,1000.0
3694,524.0
3695,586.0
3696,363.0
3697,1000.0
3698,1000.0
3699,402.0
3700,576.0
3701,1000.0
3702,415.0
3703,541.0
3704,1000.0
3705,749.0
3706,1000.0
3707,528.0
3708,1000.0
3709,364.0
3710,405.0
3711,1000.0
3712,1000.0
3713,1000.0
3714,900.0
3715,518.0
3716,488.0
3717,465.0
3718,428.0
3719,325.0
3720,390.0
3721,1000.0
3722,1000.0
3723,683.0
3724,333.0
3725,958.0
3726,306.0
3727,310.0
3728,1000.0
3729,1000.0
3730,859.0
3731,357.0
3732,449.0
3733,730.0
3734,362.0
3735,411.0
3736,1000.0
3737,664.0
3738,1000.0
3739,298.0
3740,602.0
3741,419.0
3742,366.0
3743,379.0
3744,491.0
3745,903.0
3746,324.0
3747,262.0
3748,314.0
3749,924.0
3750,427.0
3751,289.0
3752,325.0
3753,813.0
3754,303.0
3755,285.0
3756,337.0
3757,394.0
3758,673.0
3759,1000.0
3760,354.0
3761,643.0
3762,399.0
3763,875.0
3764,632.0
3765,525.0
3766,360.0
3767,654.0
3768,340.0
3769,231.0
3770,513.0
3771,300.0
3772,1000.0
3773,692.0
3774,1000.0
3775,537.0
3776,289.0
3777,240.0
3778,214.0
3779,311.0
3780,292.0
3781,316.0
3782,506.0
3783,325.0
3784,261.0
3785,350.0
3786,817.0
3787,820.0
3788,361.0
3789,416.0
3790,409.0
3791,705.0
3792,248.0
3793,826.0
3794,1000.0
3795,463.0
3796,375.0
3797,320.0
3798,590.0
3799,621.0
3800,1000.0
3801,384.0
3802,854.0
3803,722.0
3804,382.0
3805,463.0
3806,441.0
3807,1000.0
3808,543.0
3809,257.0
3810,764.0
3811,753.0
3812,300.0
3813,357.0
3814,388.0
3815,518.0
3816,752.0
3817,505.0
3818,555.0
3819,370.0
3820,290.0
3821,680.0
3822,629.0
3823,241.0
3824,431.0
3825,487.0
3826,357.0
3827,262.0
3828,282.0
3829,264.0
3830,521.0
3831,395.0
3832,424.0
3833,304.0
3834,269.0
3835,1000.0
3836,1000.0
3837,699.0
3838,967.0
3839,657.0
3840,458.0
3841,385.0
3842,397.0
3843,403.0
3844,273.0
3845,288.0
3846,705.0
3847,1000.0
3848,417.0
3849,892.0
3850,357.0
3851,264.0
3852,253.0
3853,234.0
3854,342.0
3855,289.0
3856,491.0
3857,329.0
3858,607.0
3859,561.0
3860,1000.0
3861,284.0
3862,263.0
3863,686.0
3864,457.0
3865,721.0
3866,323.0
3867,676.0
3868,873.0
3869,268.0
3870,943.0
3871,496.0
3872,362.0
3873,271.0
3874,342.0
3875,338.0
3876,450.0
3877,497.0
3878,519.0
3879,256.0
3880,495.0
3881,402.0
3882,395.0
3883,619.0
3884,347.0
3885,715.0
3886,627.0
3887,535.0
3888,624.0
3889,213.0
3890,549.0
3891,535.0
3892,606.0
3893,230.0
3894,630.0
3895,650.0
3896,460.0
3897,625.0
3898,554.0
3899,260.0
3900,413.0
3901,384.0
3902,391.0
3903,356.0
3904,250.0
3905,690.0
3906,797.0
3907,415.0
3908,200.0
3909,305.0
3910,239.0
3911,292.0
3912,1000.0
3913,330.0
3914,313.0
3915,333.0
3916,453.0
3917,375.0
3918,225.0
3919,609.0
3920,1000.0
3921,839.0
3922,593.0
3923,613.0
3924,337.0
3925,434.0
3926,293.0
3927,353.0
3928,412.0
3929,496.0
3930,755.0
3931,241.0
3932,1000.0
3933,329.0
3934,670.0
3935,1000.0
3936,311.0
3937,426.0
3938,303.0
3939,952.0
3940,596.0
3941,837.0
3942,258.0
3943,250.0
3944,452.0
3945,581.0
3946,281.0
3947,370.0
3948,1000.0
3949,1000.0
3950,660.0
3951,1000.0
3952,324.0
3953,440.0
3954,1000.0
3955,790.0
3956,231.0
3957,268.0
3958,530.0
3959,701.0
3960,1000.0
3961,479.0
3962,1000.0
3963,1000.0
3964,340.0
3965,622.0
3966,719.0
3967,1000.0
3968,250.0
3969,360.0
3970,238.0
3971,240.0
3972,896.0
3973,274.0
3974,257.0
3975,338.0
3976,267.0
3977,330.0
3978,255.0
3979,241.0
3980,468.0
3981,238.0
3982,637.0
3983,253.0
3984,286.0
3985,302.0
3986,303.0
3987,306.0
3988,296.0
3989,255.0
3990,540.0
3991,345.0
3992,255.0
3993,324.0
3994,334.0
3995,280.0
3996,312.0
3997,247.0
3998,258.0
3999,655.0
4000,205.0
4001,484.0
4002,312.0
4003,244.0
4004,841.0
4005,283.0
4006,810.0
4007,271.0
4008,516.0
4009,819.0
4010,470.0
4011,1000.0
4012,319.0
4013,1000.0
4014,1000.0
4015,1000.0
4016,1000.0
4017,756.0
4018,653.0
4019,1000.0
4020,650.0
4021,425.0
4022,1000.0
4023,1000.0
4024,217.0
4025,294.0
4026,211.0
4027,799.0
4028,679.0
4029,432.0
4030,108.0
4031,269.0
4032,269.0
4033,111.0
4034,936.0
4035,338.0
4036,792.0
4037,275.0
4038,441.0
4039,221.0
4040,301.0
4041,208.0
4042,287.0
4043,1000.0
4044,317.0
4045,251.0
4046,230.0
4047,240.0
4048,1000.0
4049,230.0
4050,1000.0
4051,372.0
4052,238.0
4053,736.0
4054,236.0
4055,878.0
4056,361.0
4057,574.0
4058,230.0
4059,462.0
4060,435.0
4061,904.0
4062,984.0
4063,251.0
4064,238.0
4065,215.0
4066,839.0
4067,230.0
4068,273.0
4069,180.0
4070,260.0
4071,334.0
4072,434.0
4073,637.0
4074,1000.0
4075,260.0
4076,270.0
4077,229.0
4078,247.0
4079,900.0
4080,898.0
4081,224.0
4082,412.0
4083,416.0
4084,336.0
4085,284.0
4086,698.0
4087,291.0
4088,429.0
4089,401.0
4090,419.0
4091,489.0
4092,257.0
4093,278.0
4094,278.0
4095,551.0
4096,363.0
4097,464.0
4098,360.0
4099,882.0
4100,410.0
4101,534.0
4102,271.0
4103,770.0
4104,757.0
4105,232.0
4106,445.0
4107,293.0
4108,561.0
4109,262.0
4110,834.0
4111,381.0
4112,407.0
4113,191.0
4114,191.0
4115,273.0
4116,231.0
4117,520.0
4118,219.0
4119,222.0
4120,392.0
4121,252.0
4122,227.0
4123,225.0
4124,1000.0
4125,311.0
4126,221.0
4127,283.0
4128,679.0
4129,199.0
4130,1000.0
4131,430.0
4132,226.0
4133,234.0
4134,297.0
4135,891.0
4136,412.0
4137,511.0
4138,228.0
4139,188.0
4140,680.0
4141,328.0
4142,227.0
4143,289.0
4144,810.0
4145,716.0
4146,591.0
4147,261.0
4148,328.0
4149,280.0
4150,263.0
4151,411.0
4152,770.0
4153,386.0
4154,278.0
4155,296.0
4156,218.0
4157,246.0
4158,358.0
4159,367.0
4160,213.0
4161,185.0
4162,603.0
4163,581.0
4164,245.0
4165,279.0
4166,279.0
4167,287.0
4168,415.0
4169,242.0
4170,394.0
4171,205.0
4172,943.0
4173,202.0
4174,245.0
4175,616.0
4176,252.0
4177,278.0
4178,681.0
4179,341.0
4180,370.0
4181,306.0
4182,649.0
4183,421.0
4184,290.0
4185,248.0
4186,329.0
4187,251.0
4188,284.0
4189,643.0
4190,441.0
4191,202.0
4192,427.0
4193,1000.0
4194,338.0
4195,219.0
4196,256.0
4197,267.0
4198,1000.0
4199,477.0
4200,377.0
4201,211.0
4202,394.0
4203,276.0
4204,245.0
4205,251.0
4206,324.0
4207,244.0
4208,234.0
4209,207.0
4210,324.0
4211,254.0
4212,228.0
4213,223.0
4214,218.0
4215,275.0
4216,1000.0
4217,753.0
4218,246.0
4219,1000.0
4220,317.0
4221,228.0
4222,293.0
4223,252.0
4224,255.0
4225,503.0
4226,794.0
4227,250.0
4228,322.0
4229,538.0
4230,333.0
4231,1000.0
4232,591.0
4233,591.0
4234,378.0
4235,332.0
4236,230.0
4237,490.0
4238,234.0
4239,220.0
4240,250.0
4241,232.0
4242,184.0
4243,241.0
4244,237.0
4245,273.0
4246,508.0
4247,346.0
4248,226.0
4249,200.0
4250,238.0
4251,1000.0
4252,246.0
4253,214.0
4254,212.0
4255,239.0
4256,344.0
4257,351.0
4258,1000.0
4259,411.0
4260,1000.0
4261,352.0
4262,313.0
4263,243.0
4264,263.0
4265,255.0
4266,1000.0
4267,773.0
4268,339.0
4269,211.0
4270,256.0
4271,234.0
4272,716.0
4273,256.0
4274,803.0
4275,271.0
4276,252.0
4277,336.0
4278,585.0
4279,1000.0
4280,204.0
4281,276.0
4282,207.0
4283,409.0
4284,304.0
4285,250.0
4286,267.0
4287,700.0
4288,229.0
4289,625.0
4290,666.0
4291,510.0
4292,252.0
4293,692.0
4294,1000.0
4295,221.0
4296,239.0
4297,224.0
4298,631.0
4299,464.0
4300,235.0
4301,208.0
4302,942.0
4303,1000.0
4304,1000.0
4305,312.0
4306,216.0
4307,330.0
4308,223.0
4309,587.0
4310,215.0
4311,210.0
4312,231.0
4313,246.0
4314,224.0
4315,205.0
4316,208.0
4317,457.0
4318,442.0
4319,198.0
4320,248.0
4321,202.0
4322,782.0
4323,281.0
4324,215.0
4325,226.0
4326,227.0
4327,297.0
4328,242.0
4329,951.0
4330,246.0
4331,234.0
4332,254.0
4333,525.0
4334,214.0
4335,277.0
4336,795.0
4337,205.0
4338,235.0
4339,262.0
4340,688.0
4341,905.0
4342,1000.0
4343,311.0
4344,291.0
4345,459.0
4346,646.0
4347,436.0
4348,251.0
4349,381.0
4350,404.0
4351,245.0
4352,306.0
4353,236.0
4354,755.0
4355,246.0
4356,252.0
4357,242.0
4358,246.0
4359,246.0
4360,331.0
4361,224.0
4362,227.0
4363,354.0
4364,440.0
4365,320.0
4366,264.0
4367,233.0
4368,227.0
4369,336.0
4370,285.0
4371,418.0
4372,203.0
4373,1000.0
4374,231.0
4375,222.0
4376,231.0
4377,475.0
4378,256.0
4379,279.0
4380,290.0
4381,216.0
4382,243.0
4383,317.0
4384,212.0
4385,270.0
4386,285.0
4387,261.0
4388,225.0
4389,485.0
4390,607.0
4391,238.0
4392,1000.0
4393,226.0
4394,362.0
4395,350.0
4396,228.0
4397,1000.0
4398,188.0
4399,243.0
4400,273.0
4401,422.0
4402,325.0
4403,238.0
4404,497.0
4405,267.0
4406,190.0
4407,258.0
4408,281.0
4409,220.0
4410,240.0
4411,358.0
4412,234.0
4413,618.0
4414,267.0
4415,312.0
4416,260.0
4417,389.0
4418,236.0
4419,244.0
4420,213.0
4421,644.0
4422,313.0
4423,242.0
4424,312.0
4425,295.0
4426,304.0
4427,226.0
4428,281.0
4429,1000.0
4430,301.0
4431,200.0
4432,252.0
4433,241.0
4434,268.0
4435,253.0
4436,279.0
4437,251.0
4438,348.0
4439,221.0
4440,216.0
4441,243.0
4442,238.0
4443,203.0
4444,251.0
4445,302.0
4446,224.0
4447,536.0
4448,265.0
4449,400.0
4450,303.0
4451,246.0
4452,255.0
4453,261.0
4454,236.0
4455,254.0
4456,236.0
4457,976.0
4458,241.0
4459,158.0
4460,236.0
4461,303.0
4462,257.0
4463,271.0
4464,1000.0
4465,381.0
4466,212.0
4467,679.0
4468,286.0
4469,309.0
4470,282.0
4471,266.0
4472,192.0
4473,370.0
4474,550.0
4475,302.0
4476,385.0
4477,615.0
4478,629.0
4479,272.0
4480,247.0
4481,231.0
4482,288.0
4483,311.0
4484,995.0
4485,194.0
4486,926.0
4487,618.0
4488,234.0
4489,242.0
4490,240.0
4491,1000.0
4492,250.0
4493,163.0
4494,1000.0
4495,383.0
4496,215.0
4497,309.0
4498,231.0
4499,241.0
4500,780.0
4501,452.0
4502,256.0
4503,237.0
4504,287.0
4505,259.0
4506,201.0
4507,316.0
4508,223.0
4509,220.0
4510,266.0
4511,268.0
4512,247.0
4513,262.0
4514,274.0
4515,213.0
4516,307.0
4517,518.0
4518,202.0
4519,264.0
4520,445.0
4521,242.0
4522,280.0
4523,228.0
4524,254.0
4525,322.0
4526,243.0
4527,286.0
4528,293.0
4529,219.0
4530,245.0
4531,246.0
4532,490.0
4533,203.0
4534,232.0
4535,257.0
4536,262.0
4537,250.0
4538,288.0
4539,197.0
4540,252.0
4541,278.0
4542,237.0
4543,338.0
4544,227.0
4545,454.0
4546,322.0
4547,291.0
4548,320.0
4549,352.0
4550,364.0
4551,243.0
4552,260.0
4553,222.0
4554,225.0
4555,236.0
4556,243.0
4557,289.0
4558,461.0
4559,353.0
4560,198.0
4561,799.0
4562,220.0
4563,336.0
4564,255.0
4565,276.0
4566,271.0
4567,227.0
4568,221.0
4569,224.0
4570,254.0
4571,488.0
4572,406.0
4573,236.0
4574,239.0
4575,215.0
4576,250.0
4577,268.0
4578,229.0
4579,301.0
4580,243.0
4581,251.0
4582,479.0
4583,220.0
4584,219.0
4585,228.0
4586,244.0
4587,226.0
4588,234.0
4589,262.0
4590,232.0
4591,254.0
4592,260.0
4593,221.0
4594,299.0
4595,276.0
4596,367.0
4597,251.0
4598,226.0
4599,263.0
4600,231.0
4601,420.0
4602,232.0
4603,236.0
4604,314.0
4605,270.0
4606,307.0
4607,215.0
4608,232.0
4609,265.0
4610,241.0
4611,249.0
4612,413.0
4613,263.0
4614,270.0
4615,210.0
4616,225.0
4617,817.0
4618,223.0
4619,629.0
4620,441.0
4621,448.0
4622,195.0
4623,419.0
4624,328.0
4625,240.0
4626,243.0
4627,218.0
4628,989.0
4629,432.0
4630,273.0
4631,227.0
4632,305.0
4633,263.0
4634,242.0
4635,256.0
4636,255.0
4637,246.0
4638,279.0
4639,262.0
4640,359.0
4641,243.0
4642,207.0
4643,286.0
4644,264.0
4645,202.0
4646,229.0
4647,222.0
4648,210.0
4649,233.0
4650,270.0
4651,384.0
4652,239.0
4653,344.0
4654,289.0
4655,215.0
4656,235.0
4657,224.0
4658,253.0
4659,219.0
4660,235.0
4661,205.0
4662,224.0
4663,235.0
4664,851.0
4665,237.0
4666,213.0
4667,276.0
4668,296.0
4669,239.0
4670,425.0
4671,244.0
4672,716.0
4673,551.0
4674,288.0
4675,306.0
4676,385.0
4677,404.0
4678,208.0
4679,233.0
4680,295.0
4681,226.0
4682,190.0
4683,234.0
4684,241.0
4685,262.0
4686,209.0
4687,367.0
4688,205.0
4689,208.0
4690,537.0
4691,212.0
4692,394.0
4693,861.0
4694,328.0
4695,216.0
4696,239.0
4697,239.0
4698,207.0
4699,244.0
4700,503.0
4701,260.0
4702,227.0
4703,255.0
4704,1000.0
4705,242.0
4706,298.0
4707,395.0
4708,230.0
4709,248.0
4710,210.0
4711,231.0
4712,905.0
4713,240.0
4714,278.0
4715,323.0
4716,341.0
4717,269.0
4718,1000.0
4719,306.0
4720,236.0
4721,258.0
4722,291.0
4723,243.0
4724,688.0
4725,278.0
4726,263.0
4727,361.0
4728,212.0
4729,233.0
4730,217.0
4731,278.0
4732,273.0
4733,372.0
4734,615.0
4735,217.0
4736,244.0
4737,247.0
4738,264.0
4739,315.0
4740,277.0
4741,234.0
4742,305.0
4743,934.0
4744,239.0
4745,230.0
4746,244.0
4747,332.0
4748,240.0
4749,269.0
4750,419.0
4751,244.0
4752,290.0
4753,247.0
4754,258.0
4755,264.0
4756,223.0
4757,278.0
4758,575.0
4759,249.0
4760,236.0
4761,262.0
4762,511.0
4763,230.0
4764,281.0
4765,209.0
4766,225.0
4767,249.0
4768,308.0
4769,234.0
4770,252.0
4771,496.0
4772,335.0
4773,266.0
4774,426.0
4775,1000.0
4776,520.0
4777,275.0
4778,471.0
4779,237.0
4780,249.0
4781,254.0
4782,257.0
4783,267.0
4784,253.0
4785,274.0
4786,285.0
4787,669.0
4788,263.0
4789,582.0
4790,243.0
4791,246.0
4792,251.0
4793,217.0
4794,282.0
4795,224.0
4796,223.0
4797,214.0
4798,729.0
4799,232.0
4800,240.0
4801,200.0
4802,261.0
4803,205.0
4804,255.0
4805,278.0
4806,254.0
4807,199.0
4808,225.0
4809,379.0
4810,347.0
4811,292.0
4812,260.0
4813,331.0
4814,293.0
4815,237.0
4816,223.0
4817,309.0
4818,286.0
4819,236.0
4820,257.0
4821,225.0
4822,218.0
4823,230.0
4824,294.0
4825,260.0
4826,213.0
4827,268.0
4828,236.0
4829,266.0
4830,225.0
4831,215.0
4832,227.0
4833,252.0
4834,213.0
4835,207.0
4836,227.0
4837,302.0
4838,606.0
4839,267.0
4840,204.0
4841,184.0
4842,217.0
4843,318.0
4844,225.0
4845,201.0
4846,447.0
4847,235.0
4848,242.0
4849,860.0
4850,226.0
4851,302.0
4852,206.0
4853,230.0
4854,236.0
4855,264.0
4856,209.0
4857,222.0
4858,207.0
4859,229.0
4860,213.0
4861,331.0
4862,209.0
4863,225.0
4864,230.0
4865,240.0
4866,274.0
4867,444.0
4868,302.0
4869,212.0
4870,254.0
4871,226.0
4872,230.0
4873,209.0
4874,238.0
4875,225.0
4876,226.0
4877,242.0
4878,411.0
4879,448.0
4880,625.0
4881,229.0
4882,202.0
4883,731.0
4884,1000.0
4885,242.0
4886,266.0
4887,206.0
4888,277.0
4889,230.0
4890,229.0
4891,218.0
4892,275.0
4893,1000.0
4894,312.0
4895,276.0
4896,224.0
4897,760.0
4898,268.0
4899,213.0
4900,299.0
4901,199.0
4902,266.0
4903,252.0
4904,392.0
4905,244.0
4906,232.0
4907,221.0
4908,246.0
4909,293.0
4910,260.0
4911,282.0
4912,226.0
4913,228.0
4914,261.0
4915,203.0
4916,214.0
4917,265.0
4918,219.0
4919,332.0
4920,243.0
4921,233.0
4922,207.0
4923,240.0
4924,230.0
4925,421.0
4926,214.0
4927,445.0
4928,225.0
4929,234.0
4930,270.0
4931,242.0
4932,226.0
4933,267.0
4934,247.0
4935,249.0
4936,545.0
4937,241.0
4938,274.0
4939,223.0
4940,217.0
4941,226.0
4942,1000.0
4943,237.0
4944,274.0
4945,233.0
4946,241.0
4947,243.0
4948,250.0
4949,314.0
4950,285.0
4951,220.0
4952,240.0
4953,348.0
4954,249.0
4955,220.0
4956,243.0
4957,271.0
4958,214.0
4959,213.0
4960,222.0
4961,297.0
4962,462.0
4963,231.0
4964,217.0
4965,258.0
4966,259.0
4967,242.0
4968,216.0
4969,232.0
4970,241.0
4971,281.0
4972,282.0
4973,428.0
4974,272.0
4975,238.0
4976,220.0
4977,206.0
4978,207.0
4979,306.0
4980,358.0
4981,352.0
4982,472.0
4983,378.0
4984,255.0
4985,212.0
4986,211.0
4987,201.0
4988,315.0
4989,254.0
4990,197.0
4991,251.0
4992,464.0
4993,231.0
4994,226.0
4995,231.0
4996,255.0
4997,306.0
4998,203.0
4999,187.0
5000,206.0
5001,217.0
5002,245.0
5003,233.0
5004,251.0
5005,201.0
5006,214.0
5007,242.0
5008,220.0
5009,246.0
5010,209.0
5011,542.0
5012,247.0
5013,248.0
5014,203.0
5015,250.0
5016,256.0
5017,247.0
5018,239.0
5019,213.0
5020,246.0
5021,226.0
5022,251.0
5023,282.0
5024,272.0
5025,270.0
5026,348.0
5027,225.0
5028,245.0
5029,198.0
5030,219.0
5031,208.0
5032,253.0
5033,224.0
5034,245.0
5035,216.0
5036,202.0
5037,553.0
5038,326.0
5039,220.0
5040,233.0
5041,220.0
5042,210.0
5043,237.0
5044,253.0
5045,240.0
5046,254.0
5047,253.0
5048,259.0
5049,205.0
5050,209.0
5051,445.0
5052,233.0
5053,268.0
5054,188.0
5055,243.0
5056,284.0
5057,259.0
5058,247.0
5059,254.0
5060,223.0
5061,213.0
5062,201.0
5063,251.0
5064,228.0
5065,190.0
5066,320.0
5067,242.0
5068,253.0
5069,199.0
5070,222.0
5071,281.0
5072,208.0
5073,224.0
5074,205.0
5075,250.0
5076,251.0
5077,294.0
5078,199.0
5079,309.0
5080,238.0
5081,666.0
5082,242.0
5083,199.0
5084,202.0
5085,279.0
5086,235.0
5087,560.0
5088,243.0
5089,231.0
5090,205.0
5091,238.0
5092,227.0
5093,278.0
5094,261.0
5095,279.0
5096,212.0
5097,392.0
5098,267.0
5099,248.0
5100,243.0
5101,284.0
5102,244.0
5103,231.0
5104,364.0
5105,233.0
5106,235.0
5107,207.0
5108,252.0
5109,278.0
5110,215.0
5111,241.0
5112,211.0
5113,233.0
5114,346.0
5115,248.0
5116,253.0
5117,203.0
5118,453.0
5119,224.0
5120,261.0
5121,245.0
5122,323.0
5123,361.0
5124,216.0
5125,370.0
5126,401.0
5127,219.0
5128,223.0
5129,274.0
5130,297.0
5131,249.0
5132,258.0
5133,210.0
5134,294.0
5135,248.0
5136,241.0
5137,221.0
5138,205.0
5139,321.0
5140,266.0
5141,244.0
5142,284.0
5143,381.0
5144,241.0
5145,253.0
5146,292.0
5147,270.0
5148,319.0
5149,288.0
5150,210.0
5151,233.0
5152,215.0
5153,191.0
5154,231.0
5155,252.0
5156,242.0
5157,215.0
5158,263.0
5159,249.0
5160,250.0
5161,227.0
5162,286.0
5163,196.0
5164,236.0
5165,238.0
5166,260.0
5167,227.0
5168,201.0
5169,248.0
5170,317.0
5171,213.0
5172,223.0
5173,227.0
5174,211.0
5175,221.0
5176,222.0
5177,229.0
5178,536.0
5179,249.0
5180,461.0
5181,458.0
5182,478.0
5183,387.0
5184,226.0
5185,223.0
5186,307.0
5187,504.0
5188,236.0
5189,257.0
5190,258.0
5191,236.0
5192,243.0
5193,260.0
5194,225.0
5195,195.0
5196,205.0
5197,215.0
5198,234.0
5199,237.0
5200,201.0
5201,201.0
5202,280.0
5203,222.0
5204,240.0
5205,232.0
5206,251.0
5207,208.0
5208,229.0
5209,253.0
5210,242.0
5211,248.0
5212,302.0
5213,328.0
5214,214.0
5215,314.0
5216,238.0
5217,240.0
5218,272.0
5219,228.0
5220,237.0
5221,205.0
5222,253.0
5223,257.0
5224,299.0
5225,265.0
5226,258.0
5227,235.0
5228,211.0
5229,237.0
5230,392.0
5231,267.0
5232,255.0
5233,234.0
5234,291.0
5235,270.0
5236,270.0
5237,219.0
5238,933.0
5239,207.0
5240,249.0
5241,222.0
5242,248.0
5243,263.0
5244,276.0
5245,248.0
5246,205.0
5247,225.0
5248,304.0
5249,229.0
5250,208.0
5251,230.0
5252,208.0
5253,206.0
5254,243.0
5255,198.0
5256,205.0
5257,240.0
5258,240.0
5259,220.0
5260,218.0
5261,225.0
5262,226.0
5263,188.0
5264,271.0
5265,244.0
5266,207.0
5267,224.0
5268,210.0
5269,279.0
5270,224.0
5271,232.0
5272,482.0
5273,267.0
5274,249.0
5275,285.0
5276,236.0
5277,210.0
5278,225.0
5279,226.0
5280,224.0
5281,212.0
5282,356.0
5283,467.0
5284,445.0
5285,366.0
5286,245.0
5287,254.0
5288,277.0
5289,244.0
5290,221.0
5291,239.0
5292,238.0
5293,260.0
5294,258.0
5295,234.0
5296,350.0
5297,259.0
5298,213.0
5299,276.0
5300,219.0
5301,231.0
5302,249.0
5303,216.0
5304,298.0
5305,239.0
5306,269.0
5307,247.0
5308,221.0
5309,243.0
5310,233.0
5311,235.0
5312,211.0
5313,232.0
5314,215.0
5315,235.0
5316,239.0
5317,254.0
5318,256.0
5319,227.0
5320,205.0
5321,226.0
5322,258.0
5323,249.0
5324,226.0
5325,210.0
5326,294.0
5327,217.0
5328,220.0
5329,244.0
5330,242.0
5331,241.0
5332,232.0
5333,243.0
5334,233.0
5335,236.0
5336,221.0
5337,192.0
5338,217.0
5339,245.0
5340,204.0
5341,250.0
5342,220.0
5343,337.0
5344,406.0
5345,256.0
5346,221.0
5347,317.0
5348,263.0
5349,239.0
5350,254.0
5351,273.0
5352,255.0
5353,304.0
5354,236.0
5355,225.0
5356,254.0
5357,257.0
5358,295.0
5359,208.0
5360,219.0
5361,936.0
5362,232.0
5363,225.0
5364,240.0
5365,199.0
5366,237.0
5367,253.0
5368,260.0
5369,256.0
5370,265.0
5371,256.0
5372,244.0
5373,242.0
5374,432.0
5375,215.0
5376,477.0
5377,225.0
5378,275.0
5379,243.0
5380,248.0
5381,250.0
5382,236.0
5383,239.0
5384,217.0
5385,225.0
5386,250.0
5387,285.0
5388,300.0
5389,223.0
5390,252.0
5391,240.0
5392,215.0
5393,213.0
5394,201.0
5395,231.0
5396,213.0
5397,173.0
5398,249.0
5399,392.0
5400,213.0
5401,235.0
5402,144.0
5403,238.0
5404,261.0
5405,240.0
5406,206.0
5407,225.0
5408,226.0
5409,201.0
5410,256.0
5411,259.0
5412,229.0
5413,256.0
5414,258.0
5415,357.0
5416,235.0
5417,226.0
5418,319.0
5419,254.0
5420,275.0
5421,283.0
5422,252.0
5423,236.0
5424,295.0
5425,226.0
5426,214.0
5427,287.0
5428,234.0
5429,262.0
5430,351.0
5431,229.0
5432,216.0
5433,251.0
5434,215.0
5435,252.0
5436,201.0
5437,235.0
5438,233.0
5439,226.0
5440,215.0
5441,242.0
5442,215.0
5443,224.0
5444,236.0
5445,230.0
5446,339.0
5447,711.0
5448,289.0
5449,229.0
5450,213.0
5451,253.0
5452,257.0
5453,259.0
5454,215.0
5455,246.0
5456,1000.0
5457,210.0
5458,221.0
5459,226.0
5460,207.0
5461,296.0
5462,214.0
5463,223.0
5464,257.0
5465,228.0
5466,268.0
5467,224.0
5468,245.0
5469,215.0
5470,220.0
5471,257.0
5472,211.0
5473,197.0
5474,214.0
5475,225.0
5476,253.0
5477,315.0
5478,208.0
5479,214.0
5480,253.0
5481,233.0
5482,205.0
5483,244.0
5484,234.0
5485,215.0
5486,216.0
5487,230.0
5488,246.0
5489,233.0
5490,213.0
5491,243.0
5492,239.0
5493,268.0
5494,220.0
5495,230.0
5496,239.0
5497,205.0
5498,232.0
5499,259.0
5500,258.0
5501,230.0
5502,225.0
5503,238.0
5504,252.0
5505,265.0
5506,187.0
5507,247.0
5508,210.0
5509,282.0
5510,233.0
5511,243.0
5512,193.0
5513,251.0
5514,282.0
5515,247.0
5516,208.0
5517,228.0
5518,223.0
5519,271.0
5520,297.0
5521,439.0
5522,255.0
5523,233.0
5524,233.0
5525,247.0
5526,271.0
5527,300.0
5528,169.0
5529,216.0
5530,229.0
5531,237.0
5532,349.0
5533,232.0
5534,247.0
5535,211.0
5536,223.0
5537,243.0
5538,345.0
5539,227.0
5540,292.0
5541,192.0
5542,193.0
5543,232.0
5544,202.0
5545,239.0
5546,254.0
5547,216.0
5548,470.0
5549,225.0
5550,289.0
5551,210.0
5552,248.0
5553,228.0
5554,222.0
5555,192.0
5556,599.0
5557,212.0
5558,233.0
5559,265.0
5560,260.0
5561,220.0
5562,297.0
5563,234.0
5564,199.0
5565,237.0
5566,232.0
5567,245.0
5568,216.0
5569,251.0
5570,244.0
5571,247.0
5572,225.0
5573,227.0
5574,258.0
5575,244.0
5576,245.0
5577,198.0
5578,235.0
5579,263.0
5580,361.0
5581,249.0
5582,312.0
5583,229.0
5584,780.0
5585,243.0
5586,268.0
5587,212.0
5588,215.0
5589,278.0
5590,217.0
5591,238.0
5592,281.0
5593,218.0
5594,257.0
5595,229.0
5596,231.0
5597,229.0
5598,267.0
5599,254.0
5600,258.0
5601,554.0
5602,264.0
5603,238.0
5604,239.0
5605,258.0
5606,221.0
5607,215.0
5608,233.0
5609,206.0
5610,265.0
5611,253.0
5612,292.0
5613,253.0
5614,238.0
5615,225.0
5616,237.0
5617,275.0
5618,247.0
5619,618.0
5620,238.0
5621,320.0
5622,252.0
5623,209.0
5624,224.0
5625,224.0
5626,230.0
5627,246.0
5628,228.0
5629,227.0
5630,201.0
5631,215.0
5632,441.0
5633,342.0
5634,253.0
5635,240.0
5636,240.0
5637,190.0
5638,213.0
5639,213.0
5640,210.0
5641,209.0
5642,219.0
5643,209.0
5644,222.0
5645,206.0
5646,378.0
5647,287.0
5648,262.0
5649,279.0
5650,213.0
5651,232.0
5652,250.0
5653,288.0
5654,236.0
5655,213.0
5656,219.0
5657,196.0
5658,228.0
5659,229.0
5660,262.0
5661,253.0
5662,225.0
5663,220.0
5664,233.0
5665,207.0
5666,237.0
5667,310.0
5668,247.0
5669,242.0
5670,221.0
5671,224.0
5672,365.0
5673,527.0
5674,209.0
5675,329.0
5676,209.0
5677,209.0
5678,256.0
5679,220.0
5680,228.0
5681,428.0
5682,288.0
5683,238.0
5684,294.0
5685,279.0
5686,217.0
5687,243.0
5688,258.0
5689,193.0
5690,200.0
5691,231.0
5692,217.0
5693,225.0
5694,226.0
5695,228.0
5696,241.0
5697,205.0
5698,277.0
5699,281.0
5700,284.0
5701,253.0
5702,193.0
5703,294.0
5704,302.0
5705,207.0
5706,217.0
5707,308.0
5708,218.0
5709,264.0
5710,226.0
5711,215.0
5712,249.0
5713,251.0
5714,232.0
5715,191.0
5716,232.0
5717,245.0
5718,225.0
5719,445.0
5720,284.0
5721,646.0
5722,276.0
5723,232.0
5724,273.0
5725,264.0
5726,320.0
5727,203.0
5728,752.0
5729,224.0
5730,238.0
5731,226.0
5732,233.0
5733,240.0
5734,186.0
5735,218.0
5736,270.0
5737,228.0
5738,263.0
5739,206.0
5740,253.0
5741,268.0
5742,685.0
5743,200.0
5744,212.0
5745,269.0
5746,215.0
5747,239.0
5748,256.0
5749,248.0
5750,221.0
5751,205.0
5752,278.0
5753,270.0
5754,233.0
5755,257.0
5756,256.0
5757,233.0
5758,236.0
5759,242.0
5760,244.0
5761,215.0
5762,239.0
5763,272.0
5764,373.0
5765,233.0
5766,192.0
5767,201.0
5768,196.0
5769,237.0
5770,236.0
5771,250.0
5772,252.0
5773,199.0
5774,263.0
5775,420.0
5776,241.0
5777,223.0
5778,320.0
5779,254.0
5780,203.0
5781,205.0
5782,228.0
5783,1000.0
5784,240.0
5785,234.0
5786,408.0
5787,229.0
5788,234.0
5789,317.0
5790,222.0
5791,267.0
5792,286.0
5793,228.0
5794,245.0
5795,237.0
5796,247.0
5797,267.0
5798,210.0
5799,1000.0
5800,245.0
5801,414.0
5802,220.0
5803,241.0
5804,239.0
5805,264.0
5806,199.0
5807,226.0
5808,236.0
5809,234.0
5810,236.0
5811,238.0
5812,224.0
5813,520.0
5814,243.0
5815,184.0
5816,261.0
5817,229.0
5818,213.0
5819,202.0
5820,250.0
5821,255.0
5822,228.0
5823,241.0
5824,206.0
5825,190.0
5826,230.0
5827,262.0
5828,199.0
5829,462.0
5830,215.0
5831,244.0
5832,233.0
5833,204.0
5834,199.0
5835,306.0
5836,264.0
5837,255.0
5838,212.0
5839,252.0
5840,208.0
5841,210.0
5842,235.0
5843,222.0
5844,224.0
5845,234.0
5846,249.0
5847,465.0
5848,274.0
5849,274.0
5850,225.0
5851,240.0
5852,355.0
5853,218.0
5854,216.0
5855,226.0
5856,202.0
5857,226.0
5858,391.0
5859,306.0
5860,240.0
5861,243.0
5862,246.0
5863,242.0
5864,229.0
5865,216.0
5866,243.0
5867,179.0
5868,201.0
5869,147.0
5870,249.0
5871,221.0
5872,212.0
5873,221.0
5874,233.0
5875,273.0
5876,239.0
5877,257.0
5878,315.0
5879,261.0
5880,215.0
5881,220.0
5882,225.0
5883,199.0
5884,228.0
5885,248.0
5886,234.0
5887,241.0
5888,239.0
5889,234.0
5890,308.0
5891,429.0
5892,250.0
5893,230.0
5894,226.0
5895,333.0
5896,222.0
5897,214.0
5898,246.0
5899,709.0
5900,201.0
5901,249.0
5902,212.0
5903,231.0
5904,293.0
5905,302.0
5906,231.0
5907,272.0
5908,276.0
5909,250.0
5910,232.0
5911,213.0
5912,238.0
5913,201.0
5914,216.0
5915,239.0
5916,264.0
5917,264.0
5918,181.0
5919,223.0
5920,225.0
5921,234.0
5922,195.0
5923,330.0
5924,202.0
5925,203.0
5926,249.0
5927,238.0
5928,398.0
5929,192.0
5930,161.0
5931,211.0
5932,284.0
5933,203.0
5934,244.0
5935,250.0
5936,252.0
5937,348.0
5938,378.0
5939,216.0
5940,202.0
5941,216.0
5942,255.0
5943,236.0
5944,228.0
5945,239.0
5946,220.0
5947,230.0
5948,241.0
5949,206.0
5950,221.0
5951,246.0
5952,291.0
5953,201.0
5954,263.0
5955,258.0
5956,221.0
5957,442.0
5958,267.0
5959,240.0
5960,274.0
5961,208.0
5962,215.0
5963,220.0
5964,188.0
5965,200.0
5966,200.0
5967,189.0
5968,251.0
5969,236.0
5970,219.0
5971,259.0
5972,234.0
5973,262.0
5974,260.0
5975,242.0
5976,225.0
5977,258.0
5978,195.0
5979,301.0
5980,369.0
5981,210.0
5982,229.0
5983,243.0
5984,251.0
5985,208.0
5986,258.0
5987,255.0
5988,259.0
5989,231.0
5990,230.0
5991,230.0
5992,241.0
5993,245.0
5994,633.0
5995,211.0
5996,259.0
5997,224.0
5998,225.0
5999,232.0
6000,214.0
6001,296.0
6002,191.0
6003,206.0
6004,236.0
6005,444.0
6006,227.0
6007,209.0
6008,239.0
6009,228.0
6010,213.0
6011,205.0
6012,311.0
6013,235.0
6014,222.0
6015,224.0
6016,195.0
6017,293.0
6018,215.0
6019,383.0
6020,375.0
6021,279.0
6022,260.0
6023,248.0
6024,301.0
6025,208.0
6026,235.0
6027,232.0
6028,227.0
6029,237.0
6030,219.0
6031,213.0
6032,238.0
6033,250.0
6034,265.0
6035,175.0
6036,227.0
6037,311.0
6038,242.0
6039,241.0
6040,215.0
6041,258.0
6042,220.0
6043,245.0
6044,256.0
6045,241.0
6046,226.0
6047,216.0
6048,465.0
6049,229.0
6050,616.0
6051,232.0
6052,250.0
6053,201.0
6054,209.0
6055,245.0
6056,220.0
6057,217.0
6058,226.0
6059,317.0
6060,218.0
6061,258.0
6062,456.0
6063,211.0
6064,225.0
6065,211.0
6066,296.0
6067,242.0
6068,198.0
6069,190.0
6070,271.0
6071,248.0
6072,240.0
6073,218.0
6074,226.0
6075,372.0
6076,313.0
6077,285.0
6078,342.0
6079,208.0
6080,236.0
6081,265.0
6082,244.0
6083,239.0
6084,237.0
6085,237.0
6086,226.0
6087,187.0
6088,132.0
6089,225.0
6090,201.0
6091,196.0
6092,339.0
6093,226.0
6094,254.0
6095,214.0
6096,333.0
6097,283.0
6098,194.0
6099,258.0
6100,202.0
6101,341.0
6102,225.0
6103,232.0
6104,217.0
6105,264.0
6106,322.0
6107,262.0
6108,242.0
6109,604.0
6110,205.0
6111,1000.0
6112,271.0
6113,311.0
6114,223.0
6115,260.0
6116,212.0
6117,269.0
6118,222.0
6119,237.0
6120,282.0
6121,439.0
6122,240.0
6123,203.0
6124,213.0
6125,283.0
6126,252.0
6127,275.0
6128,241.0
6129,233.0
6130,226.0
6131,254.0
6132,229.0
6133,240.0
6134,444.0
6135,423.0
6136,234.0
6137,197.0
6138,203.0
6139,203.0
6140,204.0
6141,206.0
6142,234.0
6143,219.0
6144,224.0
6145,232.0
6146,233.0
6147,241.0
6148,581.0
6149,197.0
6150,209.0
6151,265.0
6152,210.0
6153,201.0
6154,213.0
6155,243.0
6156,208.0
6157,246.0
6158,254.0
6159,264.0
6160,230.0
6161,214.0
6162,220.0
6163,250.0
6164,212.0
6165,238.0
6166,236.0
6167,298.0
6168,238.0
6169,247.0
6170,465.0
6171,238.0
6172,233.0
6173,308.0
6174,239.0
6175,184.0
6176,211.0
6177,236.0
6178,250.0
6179,234.0
6180,213.0
6181,232.0
6182,322.0
6183,256.0
6184,198.0
6185,245.0
6186,233.0
6187,203.0
6188,235.0
6189,230.0
6190,285.0
6191,128.0
6192,219.0
6193,237.0
6194,224.0
6195,255.0
6196,207.0
6197,199.0
6198,203.0
6199,183.0
6200,230.0
6201,210.0
6202,131.0
6203,211.0
6204,233.0
6205,179.0
6206,235.0
6207,228.0
6208,246.0
6209,241.0
6210,257.0
6211,289.0
6212,219.0
6213,237.0
6214,384.0
6215,226.0
6216,218.0
6217,233.0
6218,230.0
6219,219.0
6220,212.0
6221,226.0
6222,871.0
6223,247.0
6224,226.0
6225,240.0
6226,232.0
6227,235.0
6228,205.0
6229,249.0
6230,193.0
6231,219.0
6232,191.0
6233,267.0
6234,287.0
6235,249.0
6236,220.0
6237,210.0
6238,261.0
6239,231.0
6240,244.0
6241,201.0
6242,293.0
6243,194.0
6244,217.0
6245,230.0
6246,199.0
6247,252.0
6248,198.0
6249,200.0
6250,221.0
6251,245.0
6252,241.0
6253,237.0
6254,213.0
6255,187.0
6256,244.0
6257,252.0
6258,301.0
6259,444.0
6260,233.0
6261,584.0
6262,222.0
6263,212.0
6264,222.0
6265,1000.0
6266,232.0
6267,233.0
6268,221.0
6269,232.0
6270,205.0
6271,207.0
6272,226.0
6273,262.0
6274,225.0
6275,250.0
6276,268.0
6277,229.0
6278,245.0
6279,416.0
6280,204.0
6281,286.0
6282,227.0
6283,241.0
6284,239.0
6285,286.0
6286,234.0
6287,228.0
6288,301.0
6289,228.0
6290,357.0
6291,261.0
6292,242.0
6293,224.0
6294,231.0
6295,189.0
6296,199.0
6297,235.0
6298,214.0
6299,215.0
6300,194.0
6301,252.0
6302,237.0
6303,200.0
6304,266.0
6305,232.0
6306,259.0
6307,218.0
6308,221.0
6309,253.0
6310,273.0
6311,209.0
6312,511.0
6313,252.0
6314,295.0
6315,242.0
6316,246.0
6317,224.0
6318,238.0
6319,320.0
6320,236.0
6321,256.0
6322,231.0
6323,214.0
6324,281.0
6325,242.0
6326,344.0
6327,235.0
6328,239.0
6329,194.0
6330,278.0
6331,264.0
6332,221.0
6333,190.0
6334,264.0
6335,402.0
6336,236.0
6337,243.0
6338,243.0
6339,223.0
6340,243.0
6341,321.0
6342,243.0
6343,202.0
6344,698.0
6345,230.0
6346,245.0
6347,213.0
6348,194.0
6349,265.0
6350,208.0
6351,218.0
6352,916.0
6353,1000.0
6354,304.0
6355,262.0
6356,196.0
6357,217.0
6358,245.0
6359,250.0
6360,241.0
6361,287.0
6362,219.0
6363,251.0
6364,224.0
6365,227.0
6366,277.0
6367,212.0
6368,239.0
6369,364.0
6370,244.0
6371,233.0
6372,268.0
6373,256.0
6374,263.0
6375,190.0
6376,201.0
6377,217.0
6378,226.0
6379,230.0
6380,250.0
6381,282.0
6382,222.0
6383,227.0
6384,230.0
6385,212.0
6386,214.0
6387,315.0
6388,499.0
6389,273.0
6390,217.0
6391,246.0
6392,225.0
6393,298.0
6394,248.0
6395,208.0
6396,195.0
6397,187.0
6398,194.0
6399,212.0
6400,214.0
6401,238.0
6402,231.0
6403,250.0
6404,247.0
6405,217.0
6406,513.0
6407,202.0
6408,323.0
6409,216.0
6410,245.0
6411,288.0
6412,281.0
6413,235.0
6414,233.0
6415,196.0
6416,214.0
6417,226.0
6418,236.0
6419,217.0
6420,297.0
6421,209.0
6422,272.0
6423,228.0
6424,227.0
6425,238.0
6426,217.0
6427,243.0
6428,215.0
6429,214.0
6430,265.0
6431,270.0
6432,273.0
6433,236.0
6434,229.0
6435,229.0
6436,204.0
6437,225.0
6438,215.0
6439,473.0
6440,220.0
6441,243.0
6442,203.0
6443,187.0
6444,222.0
6445,222.0
6446,199.0
6447,240.0
6448,505.0
6449,185.0
6450,196.0
6451,180.0
6452,185.0
6453,254.0
6454,193.0
6455,220.0
6456,217.0
6457,542.0
6458,498.0
6459,252.0
6460,215.0
6461,272.0
6462,243.0
6463,260.0
6464,220.0
6465,276.0
6466,228.0
6467,233.0
6468,304.0
6469,241.0
6470,253.0
6471,219.0
6472,236.0
6473,198.0
6474,209.0
6475,246.0
6476,263.0
6477,234.0
6478,282.0
6479,193.0
6480,234.0
6481,253.0
6482,286.0
6483,244.0
6484,235.0
6485,230.0
6486,225.0
6487,190.0
6488,201.0
6489,263.0
6490,204.0
6491,272.0
6492,213.0
6493,210.0
6494,221.0
6495,218.0
6496,256.0
6497,238.0
6498,201.0
6499,204.0
6500,422.0
6501,252.0
6502,507.0
6503,291.0
6504,235.0
6505,223.0
6506,236.0
6507,346.0
6508,242.0
6509,212.0
6510,218.0
6511,249.0
6512,273.0
6513,235.0
6514,255.0
6515,239.0
6516,250.0
6517,207.0
6518,221.0
6519,188.0
6520,262.0
6521,251.0
6522,246.0
6523,260.0
6524,203.0
6525,230.0
6526,217.0
6527,207.0
6528,230.0
6529,241.0
6530,201.0
6531,388.0
6532,204.0
6533,236.0
6534,261.0
6535,266.0
6536,238.0
6537,241.0
6538,398.0
6539,254.0
6540,211.0
6541,206.0
6542,247.0
6543,230.0
6544,232.0
6545,191.0
6546,257.0
6547,570.0
6548,238.0
6549,381.0
6550,294.0
6551,240.0
6552,241.0
6553,210.0
6554,214.0
6555,189.0
6556,198.0
6557,243.0
6558,236.0
6559,219.0
6560,186.0
6561,197.0
6562,263.0
6563,219.0
6564,215.0
6565,203.0
6566,296.0
6567,242.0
6568,205.0
6569,364.0
6570,261.0
6571,286.0
6572,266.0
6573,218.0
6574,438.0
6575,257.0
6576,252.0
6577,263.0
6578,390.0
6579,788.0
6580,217.0
6581,241.0
6582,260.0
6583,190.0
6584,265.0
6585,234.0
6586,195.0
6587,213.0
6588,355.0
6589,838.0
6590,222.0
6591,265.0
6592,412.0
6593,255.0
6594,227.0
6595,222.0
6596,321.0
6597,229.0
6598,233.0
6599,212.0
6600,446.0
6601,292.0
6602,250.0
6603,231.0
6604,240.0
6605,323.0
6606,218.0
6607,455.0
6608,208.0
6609,243.0
6610,214.0
6611,246.0
6612,232.0
6613,231.0
6614,260.0
6615,323.0
6616,257.0
6617,253.0
6618,229.0
6619,239.0
6620,239.0
6621,217.0
6622,246.0
6623,226.0
6624,248.0
6625,274.0
6626,312.0
6627,240.0
6628,237.0
6629,196.0
6630,214.0
6631,249.0
6632,243.0
6633,304.0
6634,209.0
6635,228.0
6636,270.0
6637,197.0
6638,255.0
6639,213.0
6640,235.0
6641,233.0
6642,338.0
6643,215.0
6644,262.0
6645,226.0
6646,233.0
6647,220.0
6648,276.0
6649,213.0
6650,220.0
6651,242.0
6652,215.0
6653,300.0
6654,247.0
6655,216.0
6656,225.0
6657,228.0
6658,246.0
6659,182.0
6660,234.0
6661,210.0
6662,201.0
6663,1000.0
6664,235.0
6665,233.0
6666,255.0
6667,258.0
6668,257.0
6669,202.0
6670,244.0
6671,253.0
6672,252.0
6673,228.0
6674,212.0
6675,202.0
6676,275.0
6677,249.0
6678,242.0
6679,212.0
6680,206.0
6681,238.0
6682,249.0
6683,217.0
6684,220.0
6685,245.0
6686,224.0
6687,232.0
6688,230.0
6689,245.0
6690,299.0
6691,182.0
6692,237.0
6693,215.0
6694,269.0
6695,226.0
6696,203.0
6697,360.0
6698,233.0
6699,239.0
6700,324.0
6701,208.0
6702,205.0
6703,200.0
6704,206.0
6705,244.0
6706,249.0
6707,212.0
6708,258.0
6709,204.0
6710,239.0
6711,239.0
6712,284.0
6713,1000.0
6714,272.0
6715,230.0
6716,293.0
6717,238.0
6718,297.0
6719,345.0
6720,282.0
6721,220.0
6722,275.0
6723,234.0
6724,307.0
6725,213.0
6726,362.0
6727,239.0
6728,260.0
6729,255.0
6730,219.0
6731,288.0
6732,256.0
6733,246.0
6734,214.0
6735,243.0
6736,314.0
6737,224.0
6738,235.0
6739,220.0
6740,237.0
6741,214.0
6742,368.0
6743,226.0
6744,242.0
6745,239.0
6746,205.0
6747,333.0
6748,225.0
6749,240.0
6750,214.0
6751,221.0
6752,267.0
6753,209.0
6754,218.0
6755,235.0
6756,273.0
6757,212.0
6758,442.0
6759,644.0
6760,310.0
6761,234.0
6762,329.0
6763,220.0
6764,262.0
6765,264.0
6766,267.0
6767,261.0
6768,290.0
6769,215.0
6770,211.0
6771,204.0
6772,248.0
6773,265.0
6774,228.0
6775,224.0
6776,251.0
6777,220.0
6778,274.0
6779,244.0
6780,273.0
6781,405.0
6782,272.0
6783,460.0
6784,257.0
6785,251.0
6786,503.0
6787,194.0
6788,200.0
6789,295.0
6790,233.0
6791,226.0
6792,194.0
6793,213.0
6794,242.0
6795,232.0
6796,230.0
6797,236.0
6798,200.0
6799,213.0
6800,218.0
6801,214.0
6802,229.0
6803,246.0
6804,198.0
6805,227.0
6806,249.0
6807,207.0
6808,219.0
6809,227.0
6810,217.0
6811,220.0
6812,237.0
6813,207.0
6814,261.0
6815,206.0
6816,227.0
6817,289.0
6818,239.0
6819,229.0
6820,472.0
6821,438.0
6822,231.0
6823,238.0
6824,313.0
6825,244.0
6826,228.0
6827,185.0
6828,514.0
6829,267.0
6830,386.0
6831,225.0
6832,228.0
6833,206.0
6834,235.0
6835,228.0
6836,257.0
6837,233.0
6838,288.0
6839,221.0
6840,197.0
6841,208.0
6842,197.0
6843,241.0
6844,263.0
6845,278.0
6846,254.0
6847,216.0
6848,220.0
6849,231.0
6850,263.0
6851,239.0
6852,163.0
6853,250.0
6854,271.0
6855,179.0
6856,277.0
6857,301.0
6858,192.0
6859,246.0
6860,277.0
6861,251.0
6862,226.0
6863,320.0
6864,192.0
6865,294.0
6866,228.0
6867,259.0
6868,256.0
6869,197.0
6870,228.0
6871,301.0
6872,259.0
6873,233.0
6874,200.0
6875,213.0
6876,223.0
6877,231.0
6878,233.0
6879,282.0
6880,200.0
6881,217.0
6882,229.0
6883,203.0
6884,225.0
6885,327.0
6886,230.0
6887,234.0
6888,292.0
6889,521.0
6890,200.0
6891,238.0
6892,333.0
6893,247.0
6894,254.0
6895,209.0
6896,219.0
6897,279.0
6898,274.0
6899,249.0
6900,225.0
6901,235.0
6902,194.0
6903,192.0
6904,566.0
6905,360.0
6906,227.0
6907,277.0
6908,274.0
6909,233.0
6910,242.0
6911,259.0
6912,264.0
6913,284.0
6914,207.0
6915,228.0
6916,204.0
6917,213.0
6918,216.0
6919,238.0
6920,182.0
6921,254.0
6922,226.0
6923,225.0
6924,287.0
6925,207.0
6926,203.0
6927,235.0
6928,252.0
6929,207.0
6930,234.0
6931,214.0
6932,305.0
6933,238.0
6934,275.0
6935,266.0
6936,230.0
6937,231.0
6938,329.0
6939,227.0
6940,221.0
6941,218.0
6942,235.0
6943,274.0
6944,244.0
6945,1000.0
6946,221.0
6947,430.0
6948,248.0
6949,240.0
6950,249.0
6951,255.0
6952,562.0
6953,245.0
6954,245.0
6955,191.0
6956,279.0
6957,196.0
6958,247.0
6959,263.0
6960,219.0
6961,202.0
6962,209.0
6963,284.0
6964,419.0
6965,298.0
6966,210.0
6967,216.0
6968,231.0
6969,279.0
6970,241.0
6971,229.0
6972,254.0
6973,252.0
6974,255.0
6975,283.0
6976,281.0
6977,205.0
6978,254.0
6979,198.0
6980,563.0
6981,194.0
6982,218.0
6983,218.0
6984,255.0
6985,194.0
6986,233.0
6987,244.0
6988,334.0
6989,227.0
6990,248.0
6991,237.0
6992,271.0
6993,199.0
6994,206.0
6995,189.0
6996,297.0
6997,242.0
6998,338.0
6999,237.0
7000,249.0
7001,196.0
7002,199.0
7003,242.0
7004,183.0
7005,282.0
7006,435.0
7007,219.0
7008,227.0
7009,240.0
7010,225.0
7011,390.0
7012,225.0
7013,199.0
7014,306.0
7015,240.0
7016,259.0
7017,209.0
7018,223.0
7019,239.0
7020,250.0
7021,193.0
7022,252.0
7023,180.0
7024,243.0
7025,261.0
7026,260.0
7027,277.0
7028,261.0
7029,260.0
7030,237.0
7031,228.0
7032,197.0
7033,230.0
7034,209.0
7035,181.0
7036,289.0
7037,495.0
7038,227.0
7039,239.0
7040,233.0
7041,251.0
7042,235.0
7043,291.0
7044,263.0
7045,273.0
7046,270.0
7047,230.0
7048,240.0
7049,304.0
7050,263.0
7051,239.0
7052,245.0
7053,223.0
7054,223.0
7055,666.0
7056,218.0
7057,238.0
7058,258.0
7059,190.0
7060,249.0
7061,314.0
7062,285.0
7063,249.0
7064,198.0
7065,240.0
7066,283.0
7067,248.0
7068,189.0
7069,273.0
7070,325.0
7071,208.0
7072,496.0
7073,354.0
7074,182.0
7075,193.0
7076,184.0
7077,219.0
7078,208.0
7079,232.0
7080,279.0
7081,239.0
7082,281.0
7083,813.0
7084,222.0
7085,276.0
7086,289.0
7087,187.0
7088,238.0
7089,246.0
7090,247.0
7091,258.0
7092,189.0
7093,324.0
7094,653.0
7095,217.0
7096,207.0
7097,215.0
7098,218.0
7099,230.0
7100,226.0
7101,263.0
7102,275.0
7103,236.0
7104,244.0
7105,430.0
7106,199.0
7107,206.0
7108,312.0
7109,175.0
7110,241.0
7111,275.0
7112,186.0
7113,257.0
7114,259.0
7115,233.0
7116,263.0
7117,352.0
7118,200.0
7119,239.0
7120,178.0
7121,188.0
7122,267.0
7123,254.0
7124,192.0
7125,239.0
7126,254.0
7127,384.0
7128,205.0
7129,245.0
7130,296.0
7131,271.0
7132,195.0
7133,268.0
7134,225.0
7135,217.0
7136,195.0
7137,244.0
7138,234.0
7139,207.0
7140,204.0
7141,265.0
7142,211.0
7143,212.0
7144,221.0
7145,193.0
7146,236.0
7147,211.0
7148,269.0
7149,230.0
7150,189.0
7151,222.0
7152,249.0
7153,218.0
7154,259.0
7155,240.0
7156,201.0
7157,262.0
7158,231.0
7159,207.0
7160,185.0
7161,243.0
7162,236.0
7163,285.0
7164,201.0
7165,260.0
7166,339.0
7167,373.0
7168,304.0
7169,215.0
7170,221.0
7171,234.0
7172,214.0
7173,236.0
7174,235.0
7175,488.0
7176,260.0
7177,232.0
7178,220.0
7179,241.0
7180,269.0
7181,204.0
7182,196.0
7183,184.0
7184,219.0
7185,328.0
7186,203.0
7187,305.0
7188,223.0
7189,220.0
7190,193.0
7191,213.0
7192,195.0
7193,225.0
7194,221.0
7195,270.0
7196,720.0
7197,205.0
7198,208.0
7199,304.0
7200,266.0
7201,266.0
7202,269.0
7203,210.0
7204,221.0
7205,294.0
7206,223.0
7207,272.0
7208,275.0
7209,213.0
7210,200.0
7211,325.0
7212,246.0
7213,212.0
7214,247.0
7215,256.0
7216,222.0
7217,271.0
7218,278.0
7219,275.0
7220,211.0
7221,312.0
7222,315.0
7223,228.0
7224,220.0
7225,327.0
7226,236.0
7227,248.0
7228,368.0
7229,202.0
7230,205.0
7231,326.0
7232,240.0
7233,263.0
7234,554.0
7235,214.0
7236,199.0
7237,1000.0
7238,208.0
7239,236.0
7240,1000.0
7241,613.0
7242,190.0
7243,255.0
7244,227.0
7245,194.0
7246,196.0
7247,227.0
7248,231.0
7249,232.0
7250,212.0
7251,212.0
7252,269.0
7253,240.0
7254,167.0
7255,235.0
7256,206.0
7257,221.0
7258,260.0
7259,259.0
7260,249.0
7261,272.0
7262,266.0
7263,213.0
7264,224.0
7265,301.0
7266,203.0
7267,361.0
7268,280.0
7269,320.0
7270,221.0
7271,224.0
7272,236.0
7273,226.0
7274,222.0
7275,259.0
7276,178.0
7277,218.0
7278,224.0
7279,506.0
7280,221.0
7281,536.0
7282,433.0
7283,398.0
7284,316.0
7285,216.0
7286,254.0
7287,195.0
7288,230.0
7289,188.0
7290,248.0
7291,256.0
7292,213.0
7293,257.0
7294,457.0
7295,195.0
7296,224.0
7297,192.0
7298,237.0
7299,256.0
7300,250.0
7301,191.0
7302,355.0
7303,226.0
7304,265.0
7305,205.0
7306,175.0
7307,195.0
7308,211.0
7309,255.0
7310,272.0
7311,337.0
7312,212.0
7313,487.0
7314,204.0
7315,260.0
7316,186.0
7317,244.0
7318,206.0
7319,216.0
7320,299.0
7321,216.0
7322,468.0
7323,257.0
7324,234.0
7325,214.0
7326,246.0
7327,199.0
7328,190.0
7329,237.0
7330,291.0
7331,402.0
7332,199.0
7333,290.0
7334,247.0
7335,232.0
7336,220.0
7337,222.0
7338,238.0
7339,218.0
7340,322.0
7341,187.0
7342,259.0
7343,209.0
7344,241.0
7345,221.0
7346,359.0
7347,196.0
7348,217.0
7349,238.0
7350,245.0
7351,195.0
7352,208.0
7353,233.0
7354,207.0
7355,210.0
7356,220.0
7357,282.0
7358,203.0
7359,581.0
7360,192.0
7361,205.0
7362,262.0
7363,313.0
7364,203.0
7365,224.0
7366,247.0
7367,204.0
7368,226.0
7369,247.0
7370,349.0
7371,219.0
7372,209.0
7373,212.0
7374,232.0
7375,635.0
7376,192.0
7377,236.0
7378,253.0
7379,280.0
7380,235.0
7381,246.0
7382,224.0
7383,217.0
7384,190.0
7385,303.0
7386,256.0
7387,244.0
7388,292.0
7389,230.0
7390,229.0
7391,259.0
7392,196.0
7393,232.0
7394,268.0
7395,302.0
7396,244.0
7397,212.0
7398,245.0
7399,315.0
7400,251.0
7401,236.0
7402,195.0
7403,247.0
7404,227.0
7405,224.0
7406,237.0
7407,312.0
7408,352.0
7409,194.0
7410,196.0
7411,211.0
7412,284.0
7413,234.0
7414,241.0
7415,254.0
7416,183.0
7417,216.0
7418,255.0
7419,235.0
7420,233.0
7421,320.0
7422,216.0
7423,237.0
7424,194.0
7425,194.0
7426,192.0
7427,293.0
7428,227.0
7429,283.0
7430,221.0
7431,202.0
7432,251.0
7433,201.0
7434,253.0
7435,214.0
7436,217.0
7437,236.0
7438,211.0
7439,269.0
7440,174.0
7441,182.0
7442,193.0
7443,193.0
7444,203.0
7445,273.0
7446,210.0
7447,228.0
7448,222.0
7449,180.0
7450,208.0
7451,239.0
7452,245.0
7453,185.0
7454,234.0
7455,241.0
7456,246.0
7457,217.0
7458,262.0
7459,211.0
7460,225.0
7461,215.0
7462,240.0
7463,247.0
7464,219.0
7465,1000.0
7466,248.0
7467,196.0
7468,297.0
7469,187.0
7470,211.0
7471,204.0
7472,309.0
7473,245.0
7474,186.0
7475,206.0
7476,237.0
7477,220.0
7478,332.0
7479,195.0
7480,230.0
7481,241.0
7482,209.0
7483,222.0
7484,1000.0
7485,233.0
7486,247.0
7487,194.0
7488,353.0
7489,258.0
7490,256.0
7491,225.0
7492,220.0
7493,210.0
7494,200.0
7495,178.0
7496,208.0
7497,181.0
7498,229.0
7499,307.0
7500,217.0
7501,232.0
7502,211.0
7503,234.0
7504,182.0
7505,210.0
7506,195.0
7507,231.0
7508,224.0
7509,214.0
7510,205.0
7511,297.0
7512,249.0
7513,298.0
7514,274.0
7515,367.0
7516,233.0
7517,215.0
7518,246.0
7519,323.0
7520,266.0
7521,241.0
7522,252.0
7523,200.0
7524,218.0
7525,288.0
7526,251.0
7527,229.0
7528,369.0
7529,193.0
7530,236.0
7531,223.0
7532,353.0
7533,226.0
7534,208.0
7535,228.0
7536,267.0
7537,235.0
7538,247.0
7539,236.0
7540,258.0
7541,627.0
7542,292.0
7543,290.0
7544,192.0
7545,177.0
7546,252.0
7547,288.0
7548,284.0
7549,388.0
7550,307.0
7551,240.0
7552,221.0
7553,217.0
7554,195.0
7555,196.0
7556,238.0
7557,227.0
7558,252.0
7559,281.0
7560,212.0
7561,263.0
7562,245.0
7563,297.0
7564,247.0
7565,222.0
7566,256.0
7567,376.0
7568,270.0
7569,241.0
7570,251.0
7571,218.0
7572,256.0
7573,260.0
7574,204.0
7575,219.0
7576,191.0
7577,214.0
7578,218.0
7579,200.0
7580,295.0
7581,246.0
7582,245.0
7583,196.0
7584,193.0
7585,267.0
7586,337.0
7587,210.0
7588,194.0
7589,271.0
7590,391.0
7591,227.0
7592,211.0
7593,218.0
7594,228.0
7595,234.0
7596,202.0
7597,208.0
7598,353.0
7599,241.0
7600,310.0
7601,274.0
7602,382.0
7603,216.0
7604,248.0
7605,203.0
7606,253.0
7607,207.0
7608,236.0
7609,246.0
7610,245.0
7611,241.0
7612,324.0
7613,251.0
7614,222.0
7615,203.0
7616,200.0
7617,211.0
7618,200.0
7619,327.0
7620,226.0
7621,222.0
7622,227.0
7623,205.0
7624,208.0
7625,260.0
7626,191.0
7627,407.0
7628,221.0
7629,208.0
7630,225.0
7631,224.0
7632,263.0
7633,227.0
7634,302.0
7635,245.0
7636,270.0
7637,251.0
7638,236.0
7639,236.0
7640,256.0
7641,1000.0
7642,192.0
7643,276.0
7644,236.0
7645,209.0
7646,306.0
7647,243.0
7648,199.0
7649,478.0
7650,185.0
7651,247.0
7652,203.0
7653,214.0
7654,199.0
7655,253.0
7656,212.0
7657,211.0
7658,196.0
7659,237.0
7660,254.0
7661,212.0
7662,194.0
7663,243.0
7664,217.0
7665,350.0
7666,197.0
7667,215.0
7668,273.0
7669,183.0
7670,247.0
7671,211.0
7672,348.0
7673,276.0
7674,234.0
7675,252.0
7676,214.0
7677,261.0
7678,300.0
7679,192.0
7680,231.0
7681,216.0
7682,212.0
7683,196.0
7684,232.0
7685,223.0
7686,220.0
7687,250.0
7688,222.0
7689,227.0
7690,204.0
7691,263.0
7692,366.0
7693,201.0
7694,257.0
7695,268.0
7696,232.0
7697,250.0
7698,226.0
7699,256.0
7700,238.0
7701,199.0
7702,234.0
7703,189.0
7704,223.0
7705,282.0
7706,177.0
7707,248.0
7708,213.0
7709,231.0
7710,239.0
7711,209.0
7712,209.0
7713,258.0
7714,250.0
7715,223.0
7716,279.0
7717,224.0
7718,228.0
7719,289.0
7720,335.0
7721,227.0
7722,235.0
7723,269.0
7724,206.0
7725,282.0
7726,264.0
7727,256.0
7728,354.0
7729,244.0
7730,235.0
7731,247.0
7732,226.0
7733,305.0
7734,219.0
7735,258.0
7736,339.0
7737,263.0
7738,222.0
7739,236.0
7740,229.0
7741,237.0
7742,378.0
7743,221.0
7744,257.0
7745,196.0
7746,286.0
7747,352.0
7748,207.0
7749,194.0
7750,226.0
7751,202.0
7752,233.0
7753,250.0
7754,191.0
7755,232.0
7756,214.0
7757,224.0
7758,219.0
7759,199.0
7760,254.0
7761,205.0
7762,189.0
7763,211.0
7764,238.0
7765,218.0
7766,216.0
7767,223.0
7768,265.0
7769,236.0
7770,265.0
7771,253.0
7772,233.0
7773,195.0
7774,290.0
7775,210.0
7776,233.0
7777,318.0
7778,1000.0
7779,444.0
7780,285.0
7781,214.0
7782,141.0
7783,255.0
7784,239.0
7785,301.0
7786,209.0
7787,188.0
7788,227.0
7789,197.0
7790,187.0
7791,275.0
7792,189.0
7793,236.0
7794,194.0
7795,193.0
7796,269.0
7797,237.0
7798,182.0
7799,272.0
7800,179.0
7801,240.0
7802,215.0
7803,203.0
7804,268.0
7805,298.0
7806,237.0
7807,205.0
7808,246.0
7809,248.0
7810,269.0
7811,189.0
7812,273.0
7813,227.0
7814,228.0
7815,278.0
7816,235.0
7817,174.0
7818,226.0
7819,184.0
7820,230.0
7821,313.0
7822,188.0
7823,281.0
7824,469.0
7825,240.0
7826,212.0
7827,247.0
7828,300.0
7829,302.0
7830,197.0
7831,211.0
7832,183.0
7833,220.0
7834,204.0
7835,258.0
7836,249.0
7837,191.0
7838,191.0
7839,200.0
7840,203.0
7841,212.0
7842,678.0
7843,230.0
7844,232.0
7845,186.0
7846,270.0
7847,187.0
7848,237.0
7849,244.0
7850,232.0
7851,228.0
7852,177.0
7853,198.0
7854,238.0
7855,214.0
7856,232.0
7857,211.0
7858,204.0
7859,213.0
7860,283.0
7861,225.0
7862,109.0
7863,242.0
7864,188.0
7865,214.0
7866,351.0
7867,242.0
7868,235.0
7869,192.0
7870,231.0
7871,202.0
7872,272.0
7873,213.0
7874,265.0
7875,257.0
7876,372.0
7877,228.0
7878,241.0
7879,236.0
7880,201.0
7881,238.0
7882,344.0
7883,176.0
7884,256.0
7885,218.0
7886,273.0
7887,219.0
7888,238.0
7889,202.0
7890,348.0
7891,241.0
7892,246.0
7893,204.0
7894,284.0
7895,229.0
7896,241.0
7897,243.0
7898,204.0
7899,407.0
7900,183.0
7901,224.0
7902,339.0
7903,208.0
7904,216.0
